Seg,Point,Type,Tag No.,Combination,Nominal,GlobalFX,GlobalFY,GlobalFZ,GlobalFR,GlobalMX,GlobalMY,GlobalMZ,GlobalRM,LocalFX,LocalFY,LocalFZ,LocalMX,LocalMY,LocalMZ,CoordX,CoordY,CoordZ
A,A00,Anchor,LEVEL 3,COLD,10,-2,-1821,2,1821,-71,-12,-43,84,1821,2,2,12,-43,71,-860.27,53.2,75.7
A,A00,Anchor,LEVEL 3,OPERATING,10,24,-2260,-25,2261,251,-4,-224,336,2260,-25,-24,4,-224,-251,-860.27,53.2,75.7
A,A134,Anchor,CONTINUING PIPE,COLD,20,-14,-662,0,662,0,-3,0,3,-14,-662,0,0,-3,0,-811.74,-46.71,-301.18
A,A134,Anchor,CONTINUING PIPE,OPERATING,20,-111,-2048,-84,2053,19,-1681,3,1681,-111,-2048,-84,19,-1681,3,-811.74,-46.71,-301.18
C,C00,Anchor,LEVEL 3,COLD,10,-2,-1729,1,1729,-13,-5,-47,48,1729,1,2,5,-47,13,-860.82,53.2,77
C,C00,Anchor,LEVEL 3,OPERATING,10,18,-2296,-25,2296,-420,-22,540,684,2296,-25,-18,22,540,420,-860.82,53.2,77
C,C137,Anchor,CONTINING PIPE,COLD,20,-16,-658,-1,658,0,-31,0,31,-16,-658,-1,0,-31,0,-811.77,-46.71,-305.19
C,C137,Anchor,CONTINING PIPE,OPERATING,20,-111,-2048,-103,2054,23,-1975,3,1975,-111,-2048,-103,23,-1975,3,-811.77,-46.71,-305.19
G,G00,Anchor,AHU-1,COLD,2.5,0,-147,0,147,-2,0,1,2,147,0,0,0,1,2,-1238.19,37.67,-292.38
G,G00,Anchor,AHU-1,OPERATING,2.5,1,-185,0,185,15,8,18,25,185,0,-1,-8,18,-15,-1238.19,37.67,-292.38
H,H55,Anchor,EQUIPMENT,COLD,0,0,-22,-1,22,-11,3,-51,52,0,-22,1,11,3,51,-1268.34,13.33,-302.96
H,H55,Anchor,EQUIPMENT,OPERATING,0,0,-22,1,22,-12,-1,-51,53,0,-22,-1,12,-1,51,-1268.34,13.33,-302.96
I,I08,Anchor,,COLD,2.5,0,-111,0,111,0,1,2,2,-111,0,0,1,2,0,-1182.95,38,-290.31
I,I08,Anchor,,OPERATING,2.5,2,-184,1,184,3,1,20,20,-184,1,2,1,20,3,-1182.95,38,-290.31
K,K19,Anchor,,COLD,5,-3,-289,33,291,-314,-50,-115,338,-289,33,-3,-50,-115,-314,-1062.24,30.84,-146.18
K,K19,Anchor,,OPERATING,5,18,-331,-19,332,-112,-128,-58,179,-331,-19,18,-128,-58,-112,-1062.24,30.84,-146.18
L,L21,Anchor,,COLD,5,-5,-399,-32,400,-344,111,-19,362,-399,-32,-5,111,-19,-344,-1062.25,30.84,-219.84
L,L21,Anchor,,OPERATING,5,5,-406,20,407,-765,-43,35,767,-406,20,5,-43,35,-765,-1062.25,30.84,-219.84
M,M00,Anchor,,COLD,2.5,0,-111,0,111,0,0,1,1,111,0,0,0,1,0,-1180.43,38,-290.32
M,M00,Anchor,,OPERATING,2.5,2,-185,1,185,2,1,21,21,185,1,-2,-1,21,-2,-1180.43,38,-290.32
N,N54,Anchor,EQUIPMENT,COLD,0,0,-19,-1,19,-9,3,-37,38,0,-19,1,9,3,37,-1268.37,13.33,-302.3
N,N54,Anchor,EQUIPMENT,OPERATING,0,0,-19,0,19,-9,-1,-37,38,0,-19,0,9,-1,37,-1268.37,13.33,-302.3
O,O00,Anchor,AHU-1,COLD,2.5,0,-147,0,147,-2,0,1,2,147,0,0,0,1,2,-1237.55,37.67,-292.39
O,O00,Anchor,AHU-1,OPERATING,2.5,1,-185,0,185,15,9,18,25,185,0,-1,-9,18,-15,-1237.55,37.67,-292.39
Q,Q00,Anchor,,COLD,5,-1,-294,28,295,-245,-54,-171,303,294,28,1,54,-171,245,-1061.52,30.84,-146.19
Q,Q00,Anchor,,OPERATING,5,15,-339,-36,341,36,-77,-156,177,339,-36,-15,77,-156,-36,-1061.52,30.84,-146.19
R,R00,Anchor,,COLD,5,-4,-359,-26,360,-148,66,-18,163,359,-26,4,-66,-18,148,-1061.53,30.84,-219.86
R,R00,Anchor,,OPERATING,5,7,-371,39,374,-663,-65,35,667,371,39,-7,65,35,663,-1061.53,30.84,-219.86
S,S28,Anchor,,COLD,5,0,-186,0,186,-15,-4,5,16,-186,0,0,-4,5,-15,-1007.52,30.16,-242.96
S,S28,Anchor,,OPERATING,5,3,-246,5,246,-74,-39,-52,98,-246,5,3,-39,-52,-74,-1007.52,30.16,-242.96
T,T29,Anchor,,COLD,5,0,-187,1,187,-21,-6,12,25,-187,1,0,-6,12,-21,-1008.24,30.16,-242.95
T,T29,Anchor,,OPERATING,5,3,-238,5,238,-116,-45,-24,127,-238,5,3,-45,-24,-116,-1008.24,30.16,-242.95
U,U10,Anchor,EQUIPMENT,COLD,0,-1,-5,0,5,0,0,-7,7,1,-5,0,0,0,7,-1158.31,14.33,-242.42
U,U10,Anchor,EQUIPMENT,OPERATING,0,1,-5,0,6,0,0,-7,7,-1,-5,0,0,0,7,-1158.31,14.33,-242.42
V,V10,Anchor,EQUIPMENT,COLD,0,0,-5,0,5,0,0,-7,7,0,-5,0,0,0,7,-1158.34,14.33,-241.85
V,V10,Anchor,EQUIPMENT,OPERATING,0,1,-5,0,6,0,0,-7,7,-1,-5,0,0,0,7,-1158.34,14.33,-241.85
W,W00,Anchor,,COLD,5,0,-169,0,169,22,-7,-94,96,169,0,0,7,-94,-22,-1007.48,31.11,-100.61
W,W00,Anchor,,OPERATING,5,4,-280,-3,280,-25,-27,-86,94,280,-3,-4,27,-86,25,-1007.48,31.11,-100.61
X,X00,Anchor,,COLD,5,0,-190,0,190,13,-5,-49,51,190,0,0,5,-49,-13,-1008.2,31.11,-100.59
X,X00,Anchor,,OPERATING,5,4,-256,-3,256,-20,-36,-35,54,256,-3,-4,36,-35,20,-1008.2,31.11,-100.59
Y,Y06,Anchor,,COLD,2.5,4,-72,1,72,-2,2,23,23,-72,1,4,2,23,-2,-847.56,20.79,-267.2
Y,Y06,Anchor,,OPERATING,2.5,-7,-399,61,403,-241,0,1,241,-399,61,-7,0,1,-241,-847.56,20.79,-267.2
Z,Z00,Anchor,,COLD,2.5,4,-68,0,68,0,0,23,23,68,0,-4,0,23,0,-847.59,20.79,-269.68
Z,Z00,Anchor,,OPERATING,2.5,9,-69,20,73,-104,49,50,125,69,20,-9,-49,50,104,-847.59,20.79,-269.68
AA,AA00,Anchor,EQUIPMENT,COLD,0,0,0,0,0,0,-1,1,1,0,0,0,-1,-1,1,-872.82,31.61,74.01
AA,AA00,Anchor,EQUIPMENT,OPERATING,0,0,0,0,0,0,0,1,1,0,0,0,-1,0,1,-872.82,31.61,74.01
AB,AB00,Anchor,EQUIPMENT,COLD,0,0,0,0,0,0,0,0,0,0,0,0,0,0,0,-872.2,31.61,74.25
AB,AB00,Anchor,EQUIPMENT,OPERATING,0,2,0,0,2,0,-7,0,7,0,0,2,0,-7,0,-872.2,31.61,74.25
AC,AC11,Anchor,3RD FLOOR,COLD,3,0,-167,0,167,-6,0,-1,6,-167,0,0,0,-1,-6,-609.22,45.99,-61.83
AC,AC11,Anchor,3RD FLOOR,OPERATING,3,-16,-206,3,206,-63,-4,-112,129,-206,3,-16,-4,-112,-63,-609.22,45.99,-61.83
AD,AD06,Anchor,EQUIPMENT,COLD,5,2,0,1,2,3,1,-1,3,0,1,-2,-1,-1,-3,-601.73,30.17,-41.91
AD,AD06,Anchor,EQUIPMENT,OPERATING,5,-114,10,-37,120,-6,7,46,46,-10,-37,114,-7,46,6,-601.73,30.17,-41.91
AE,AE10,Anchor,3RD FLOOR,COLD,3,1,-154,0,154,-8,-2,-3,9,-154,0,1,-2,-3,-8,-608.84,45.99,-62.75
AE,AE10,Anchor,3RD FLOOR,OPERATING,3,-11,-185,4,185,-70,3,-81,107,-185,4,-11,3,-81,-70,-608.84,45.99,-62.75
AF,AF06,Anchor,EQUIPMENT,COLD,5,1,0,0,1,0,1,-1,2,0,0,-1,-1,-1,0,-602.07,30.17,-41.1
AF,AF06,Anchor,EQUIPMENT,OPERATING,5,-99,9,-30,104,-7,10,39,41,-9,-30,99,-10,39,7,-602.07,30.17,-41.1
AG,AG07,Anchor,EQUIPMENT,COLD,5,-1,-1,3,3,-2,1,-1,2,1,3,1,-1,-1,2,-773.57,21.77,-135.83
AG,AG07,Anchor,EQUIPMENT,OPERATING,5,-9,11,21,26,20,1,9,22,-11,21,9,-1,9,-20,-773.57,21.77,-135.83
AI,AI00,Anchor,EQUIPMENT,COLD,4,-4,-2,-1,5,1,1,-3,3,-2,-1,-4,1,-3,1,-648.38,23.03,-76.55
AI,AI00,Anchor,EQUIPMENT,OPERATING,4,-22,7,-2,23,4,2,19,20,7,-2,-22,2,19,4,-648.38,23.03,-76.55
AI,AI11,Anchor,EQUIPMENT,COLD,4,5,-2,3,6,0,-1,2,2,2,3,-5,1,2,0,-676.31,23.08,-88.12
AI,AI11,Anchor,EQUIPMENT,OPERATING,4,1,4,-2,5,-11,-6,4,13,-4,-2,-1,6,4,11,-676.31,23.08,-88.12
AJ,AJ00,Anchor,EQUIPMENT,COLD,4,-4,-2,-1,5,1,1,-3,3,-2,-1,-4,1,-3,1,-648.71,23.04,-75.75
AJ,AJ00,Anchor,EQUIPMENT,OPERATING,4,-19,7,-1,20,5,3,16,17,7,-1,-19,3,16,5,-648.71,23.04,-75.75
AJ,AJ12,Anchor,EQUIPMENT,COLD,4,4,-2,3,5,-1,-1,2,2,2,3,-4,1,2,1,-676.62,23.08,-87.31
AJ,AJ12,Anchor,EQUIPMENT,OPERATING,4,3,5,0,6,-7,-6,2,9,-5,0,-3,6,2,7,-676.62,23.08,-87.31
AL,AL11,Anchor,EQUIPMENT,COLD,2.5,-1,-90,-3,90,9,-1,-17,19,90,-3,1,1,-17,-9,-797.73,20.07,31.72
AL,AL11,Anchor,EQUIPMENT,OPERATING,2.5,0,-92,3,92,34,4,-18,39,92,3,0,-4,-18,-34,-797.73,20.07,31.72
AP,AP00,Anchor,EQUIPMENT,COLD,0,0,-4,1,4,6,1,-2,6,-4,1,0,1,-2,6,-744.71,24.69,56.08
AP,AP00,Anchor,EQUIPMENT,OPERATING,0,0,-1,1,1,6,0,-5,8,-1,1,0,0,-5,6,-744.71,24.69,56.08
AQ,AQ08,Anchor,EQUIPMENT,COLD,4,1,0,-2,2,0,1,0,1,2,0,0,0,1,0,-706.71,28.27,-100.67
AQ,AQ08,Anchor,EQUIPMENT,OPERATING,4,-5,1,5,8,0,-13,3,13,-7,1,-3,-3,-13,1,-706.71,28.27,-100.67
AR,AR08,Anchor,EQUIPMENT,COLD,4,1,0,-1,2,0,1,0,2,2,0,0,0,1,0,-707.52,28.27,-101
AR,AR08,Anchor,EQUIPMENT,OPERATING,4,-8,1,6,10,0,-19,4,19,-8,1,-5,-4,-19,1,-707.52,28.27,-101
AS,AS06,Anchor,EQUIPMENT,COLD,2.5,3,-29,-5,30,-3,-1,-4,5,29,-5,-3,1,-4,3,-711.28,20.3,62.43
AS,AS06,Anchor,EQUIPMENT,OPERATING,2.5,5,-14,-9,18,-20,1,-15,25,14,-9,-5,-1,-15,20,-711.28,20.3,62.43
AT,AT06,Anchor,EQUIPMENT,COLD,2.5,3,-29,-6,30,-4,-1,-5,7,29,-6,-3,1,-5,4,-710.59,20.3,62.72
AT,AT06,Anchor,EQUIPMENT,OPERATING,2.5,4,-15,-9,18,-22,1,-14,26,15,-9,-4,-1,-14,22,-710.59,20.3,62.72
AU,AU00,Anchor,EQUIPMENT,COLD,0,0,-17,1,17,6,2,-6,9,-17,1,0,2,-6,6,-723.94,24.69,63.97
AU,AU00,Anchor,EQUIPMENT,OPERATING,0,0,-13,0,13,0,1,-10,10,-13,0,0,1,-10,0,-723.94,24.69,63.97
AV,AV07,Anchor,EQUIPMENT,COLD,5,-1,-1,3,4,-2,1,-1,2,1,3,1,-1,-1,2,-772.68,21.77,-135.46
AV,AV07,Anchor,EQUIPMENT,OPERATING,5,-8,11,20,24,18,3,6,20,-11,20,8,-3,6,-18,-772.68,21.77,-135.46
AW,AW07,Anchor,EQUIPMENT,COLD,2.5,-3,-10,-1,10,6,-4,-1,7,10,-1,3,4,-1,-6,-628.23,21.89,-55.5
AW,AW07,Anchor,EQUIPMENT,OPERATING,2.5,-13,6,-1,14,6,-9,38,40,-6,-1,13,9,38,-6,-628.23,21.89,-55.5
AX,AX07,Anchor,EQUIPMENT,COLD,2.5,-3,-7,0,7,4,-1,0,5,7,0,3,1,0,-4,-627.95,21.89,-56.19
AX,AX07,Anchor,EQUIPMENT,OPERATING,2.5,-14,10,-2,18,-1,-7,46,47,-10,-2,14,7,46,1,-627.95,21.89,-56.19
AZ,AZ10,Anchor,EQUIPMENT,COLD,2.5,-1,-95,-4,95,11,-5,-7,14,95,-4,1,5,-7,-11,-798.02,20.07,32.4
AZ,AZ10,Anchor,EQUIPMENT,OPERATING,2.5,1,-98,2,98,35,-1,-9,36,98,2,-1,1,-9,-35,-798.02,20.07,32.4
BA,BA04,Anchor,EQUIPMENT,COLD,4,-1,-2,0,3,4,0,-5,7,2,0,1,0,-5,-4,-822.52,20.08,28.08
BA,BA04,Anchor,EQUIPMENT,OPERATING,4,12,1,20,23,39,4,-22,44,-1,20,-12,-4,-22,-39,-822.52,20.08,28.08
BB,BB04,Anchor,EQUIPMENT,COLD,4,-1,-2,1,2,4,0,-4,5,2,1,1,0,-4,-4,-822.86,20.08,28.89
BB,BB04,Anchor,EQUIPMENT,OPERATING,4,10,0,19,21,36,-1,-21,42,0,19,-10,1,-21,-36,-822.86,20.08,28.89
BC,BC09,Anchor,EQUIPMENT,COLD,2.5,8,-82,1,83,-11,-18,12,24,82,1,-8,18,12,11,-782.34,20.08,37.6
BC,BC09,Anchor,EQUIPMENT,OPERATING,2.5,10,-73,3,73,-1,-24,6,25,73,3,-10,24,6,1,-782.34,20.08,37.6
BD,BD00,Anchor,EQUIPMENT,COLD,2.5,0,-4,3,5,12,4,-4,13,-4,3,0,4,-4,12,-682.61,26.9,83.46
BD,BD00,Anchor,EQUIPMENT,OPERATING,2.5,1,-1,-14,14,-29,-24,-17,41,-1,-14,1,-24,-17,-29,-682.61,26.9,83.46
BE,BE00,Anchor,EQUIPMENT,COLD,3,-6,-46,0,47,6,20,-26,33,-46,0,-6,20,-26,6,-764.97,20.08,47.15
BE,BE00,Anchor,EQUIPMENT,OPERATING,3,-5,-40,2,41,18,22,-36,46,-40,2,-5,22,-36,18,-764.97,20.08,47.15
BF,BF08,Anchor,EQUIPMENT,COLD,0,0,-15,1,15,6,2,-5,8,15,1,0,-2,-5,-6,-724.17,24.69,64.51
BF,BF08,Anchor,EQUIPMENT,OPERATING,0,0,-11,0,11,0,1,-9,9,11,0,0,-1,-9,0,-724.17,24.69,64.51
BG,BG10,Anchor,EQUIPMENT,COLD,2.5,0,-7,3,8,10,5,-10,15,7,3,0,-5,-10,-10,-682.33,26.9,82.77
BG,BG10,Anchor,EQUIPMENT,OPERATING,2.5,2,-5,-15,16,-32,-21,-24,45,5,-15,-2,21,-24,32,-682.33,26.9,82.77
BH,BH09,Anchor,EQUIPMENT,COLD,0,0,-8,1,8,6,2,-3,7,8,1,0,-2,-3,-6,-744.49,24.69,55.54
BH,BH09,Anchor,EQUIPMENT,OPERATING,0,0,-5,1,5,6,1,-6,9,5,1,0,-1,-6,-6,-744.49,24.69,55.54
BI,BI00,Anchor,EQUIPMENT,COLD,3,-7,-58,-1,59,7,24,-33,42,-58,-1,-7,24,-33,7,-764.67,20.08,46.43
BI,BI00,Anchor,EQUIPMENT,OPERATING,3,-6,-52,1,53,18,26,-43,53,-52,1,-6,26,-43,18,-764.67,20.08,46.43
BJ,BJ09,Anchor,EQUIPMENT,COLD,2.5,7,-59,1,59,-11,-20,16,28,59,1,-7,20,16,11,-782.05,20.08,36.9
BJ,BJ09,Anchor,EQUIPMENT,OPERATING,2.5,8,-47,3,48,0,-26,12,29,47,3,-8,26,12,0,-782.05,20.08,36.9
BL,BL00,Anchor,,COLD,0,0,-7,0,7,-3,0,-9,10,0,-7,0,1,0,-10,-668.95,16.46,228.57
BL,BL00,Anchor,,OPERATING,0,0,-7,0,7,-3,0,-9,10,0,-7,0,1,0,-10,-668.95,16.46,228.57
BL,BL42,Anchor,,COLD,0,0,-8,0,8,-5,0,-13,13,0,-8,0,0,0,13,-633.92,17.75,214.06
BL,BL42,Anchor,,OPERATING,0,0,-8,0,8,-5,1,-12,13,0,-8,0,0,1,13,-633.92,17.75,214.06
BM,BM15,Anchor,,COLD,0,0,-8,0,8,-5,0,-13,13,0,-8,0,0,0,13,-651.86,17.75,221.49
BM,BM15,Anchor,,OPERATING,0,0,-8,0,8,-5,0,-12,13,0,-8,0,0,0,13,-651.86,17.75,221.49
BN,BN03,Anchor,,COLD,0,0,-9,0,9,-6,0,-14,15,0,-9,0,0,0,15,-639.28,17.75,201.12
BN,BN03,Anchor,,OPERATING,0,0,-9,0,9,-6,0,-14,15,0,-9,0,0,0,15,-639.28,17.75,201.12
BO,BO03,Anchor,,COLD,0,0,-8,0,8,-4,0,-11,12,0,-8,0,0,0,12,-674.31,16.46,215.63
BO,BO03,Anchor,,OPERATING,0,0,-8,0,8,-4,0,-11,12,0,-8,0,0,0,12,-674.31,16.46,215.63
BQ,BQ00,Anchor,,COLD,0,0,-8,0,8,-4,0,-11,11,0,-8,0,0,0,-11,-669.14,16.46,228.1
BQ,BQ00,Anchor,,OPERATING,0,0,-8,0,8,-4,0,-11,11,0,-8,0,0,0,-11,-669.14,16.46,228.1
BQ,BQ42,Anchor,,COLD,0,0,-9,0,9,-6,0,-14,15,0,-9,0,0,0,15,-634.11,17.75,213.59
BQ,BQ42,Anchor,,OPERATING,0,0,-9,0,9,-6,1,-14,15,0,-9,0,0,1,15,-634.11,17.75,213.59
BR,BR15,Anchor,,COLD,0,0,-9,0,9,-6,0,-14,15,0,-9,0,0,0,15,-652.05,17.75,221.03
BR,BR15,Anchor,,OPERATING,0,0,-9,0,9,-6,0,-14,15,0,-9,0,0,0,15,-652.05,17.75,221.03
BS,BS03,Anchor,,COLD,0,0,-9,0,9,-6,0,-14,15,0,-9,0,0,0,15,-639.47,17.75,200.66
BS,BS03,Anchor,,OPERATING,0,0,-9,0,9,-6,0,-14,15,0,-9,0,0,0,15,-639.47,17.75,200.66
BT,BT03,Anchor,,COLD,0,0,-8,0,8,-5,0,-11,12,0,-8,0,0,0,12,-674.5,16.46,215.17
BT,BT03,Anchor,,OPERATING,0,0,-8,0,8,-4,0,-11,12,0,-8,0,0,0,12,-674.5,16.46,215.17
BV,BV41,Anchor,,COLD,0,0,-2,0,2,0,0,0,0,0,-2,0,0,0,0,-644.56,14.94,54.34
BV,BV41,Anchor,,OPERATING,0,0,-2,0,2,0,1,0,1,0,-2,0,0,1,0,-644.56,14.94,54.34
BW,BW07,Anchor,,COLD,0,0,3,0,3,2,0,1,2,0,3,0,0,0,-2,-654.59,14.96,43.9
BW,BW07,Anchor,,OPERATING,0,0,3,0,3,2,0,1,2,0,3,0,0,0,-2,-654.59,14.96,43.9
BX,BX05,Anchor,,COLD,0,0,0,0,0,1,0,0,1,0,0,0,0,0,0,-650.34,14.34,45.66
BX,BX05,Anchor,,OPERATING,0,0,0,0,0,1,0,0,1,0,0,0,0,0,0,-650.34,14.34,45.66
BY,BY41,Anchor,,COLD,0,0,-2,0,2,0,0,0,0,0,-2,0,0,0,0,-643.79,14.94,54.64
BY,BY41,Anchor,,OPERATING,0,0,-2,0,2,0,1,0,1,0,-2,0,0,1,0,-643.79,14.94,54.64
CA,CA07,Anchor,,COLD,0,0,2,0,2,1,0,1,1,0,2,0,0,0,-1,-654.13,14.96,44.09
CA,CA07,Anchor,,OPERATING,0,0,2,0,2,1,0,1,1,0,2,0,0,0,-1,-654.13,14.96,44.09
CB,CB05,Anchor,,COLD,0,0,2,0,2,1,0,0,1,0,2,0,-1,0,-1,-649.88,14.34,45.85
CB,CB05,Anchor,,OPERATING,0,0,2,0,2,1,0,0,1,0,2,0,-1,0,-1,-649.88,14.34,45.85
CC,CC00,Anchor,,COLD,0,0,-3,0,3,-2,0,-1,3,0,-3,0,0,0,-3,-682.57,10.98,68.87
CC,CC00,Anchor,,OPERATING,0,0,-3,0,3,-2,1,-1,3,0,-3,0,0,1,-2,-682.57,10.98,68.87
CD,CD00,Anchor,,COLD,0,0,-3,0,3,-2,0,-1,2,0,-3,0,0,0,-2,-691.62,11.48,65.12
CD,CD00,Anchor,,OPERATING,0,0,-3,0,3,-2,-1,-1,2,0,-3,0,0,-1,-2,-691.62,11.48,65.12
CD,CD13,Anchor,,COLD,0,0,-3,0,3,-2,0,-1,3,0,-3,0,0,0,3,-679.78,11.48,70.03
CD,CD13,Anchor,,OPERATING,0,0,-3,0,3,-2,1,-1,3,0,-3,0,0,1,3,-679.78,11.48,70.03
CF,CF00,Anchor,,COLD,0,0,-3,0,3,-3,0,-1,3,0,-3,0,0,0,-3,-683.03,10.98,68.68
CF,CF00,Anchor,,OPERATING,0,0,-3,0,3,-3,1,-1,3,-1,-3,0,0,1,-3,-683.03,10.98,68.68
CG,CG00,Anchor,,COLD,0,0,-3,0,3,-1,0,-1,2,0,-3,0,0,0,-1,-691.16,11.48,65.31
CG,CG00,Anchor,,OPERATING,0,0,-3,0,3,-1,-1,-1,2,0,-3,0,0,-1,-1,-691.16,11.48,65.31
CG,CG13,Anchor,,COLD,0,0,-2,0,2,-1,0,0,1,0,-2,0,0,0,1,-680.24,11.48,69.84
CG,CG13,Anchor,,OPERATING,0,0,-2,-1,3,-1,1,0,2,0,-2,1,0,1,1,-680.24,11.48,69.84
CI,CI04,Anchor,,COLD,0,0,4,0,4,2,0,0,2,0,4,0,0,0,-2,-704.34,11.93,62.02
CI,CI04,Anchor,,OPERATING,0,0,4,0,4,2,0,0,2,0,4,0,0,0,-2,-704.34,11.93,62.02
CJ,CJ18,Anchor,,COLD,0,0,10,0,10,2,0,1,2,0,10,0,0,0,-2,-739.11,11.48,47.62
CJ,CJ18,Anchor,,OPERATING,0,0,10,0,10,2,-1,1,2,0,10,0,0,-1,-2,-739.11,11.48,47.62
CK,CK04,Anchor,,COLD,0,0,4,0,4,2,0,1,2,0,4,0,0,0,-2,-697.93,11.93,64.68
CK,CK04,Anchor,,OPERATING,0,0,4,0,4,2,0,1,2,0,4,0,0,0,-2,-697.93,11.93,64.68
CL,CL04,Anchor,,COLD,0,0,2,0,2,1,0,0,1,0,2,0,0,0,-1,-704.07,11.93,62.68
CL,CL04,Anchor,,OPERATING,0,0,2,0,2,1,-1,0,1,0,2,0,0,-1,-1,-704.07,11.93,62.68
CM,CM18,Anchor,,COLD,0,0,5,0,5,2,0,0,2,0,5,0,0,0,-2,-738.84,11.48,48.27
CM,CM18,Anchor,,OPERATING,0,0,5,0,5,2,-1,0,2,0,5,0,0,-1,-2,-738.84,11.48,48.27
CN,CN04,Anchor,,COLD,0,0,2,0,2,1,0,1,1,0,2,0,0,0,-1,-697.66,11.93,65.33
CN,CN04,Anchor,,OPERATING,0,0,2,0,2,1,0,1,1,0,2,0,0,0,-1,-697.66,11.93,65.33
CO,CO04,Anchor,,COLD,0,0,-1,0,1,0,0,0,0,0,-1,0,0,0,0,-708.62,12.5,84.91
CO,CO04,Anchor,,OPERATING,0,0,-1,0,1,0,1,0,1,0,-1,0,0,1,0,-708.62,12.5,84.91
CP,CP04,Anchor,,COLD,0,0,-1,0,1,0,0,0,0,0,-1,0,0,0,0,-708.43,12.5,84.45
CP,CP04,Anchor,,OPERATING,0,1,-1,0,1,0,1,0,1,0,-1,0,0,1,0,-708.43,12.5,84.45
CR,CR00,Anchor,,COLD,0,0,-11,0,11,-9,0,-3,10,0,-11,0,-1,0,-10,-888.7,12.99,109.07
CR,CR00,Anchor,,OPERATING,0,0,-11,0,11,-9,0,-3,10,0,-11,0,-1,0,-10,-888.7,12.99,109.07
CR,CR35,Anchor,,COLD,4,2,-217,1,217,2,11,-13,17,217,1,-2,-11,-13,-2,-813.62,1.5,51.1
CR,CR35,Anchor,,OPERATING,4,-9,-179,10,179,19,29,51,61,179,10,9,-29,51,-19,-813.62,1.5,51.1
CT,CT00,Anchor,,COLD,0,0,-12,0,12,-12,0,-6,13,0,-12,0,1,0,-13,-887.95,12.99,109.44
CT,CT00,Anchor,,OPERATING,0,0,-12,0,12,-12,0,-6,13,0,-12,0,1,0,-13,-887.95,12.99,109.44
CT,CT35,Anchor,,COLD,4,3,-223,1,223,-1,14,-15,21,223,1,-3,-14,-15,1,-812.46,1.5,51.57
CT,CT35,Anchor,,OPERATING,4,-4,-190,7,190,-3,35,18,39,190,7,4,-35,18,3,-812.46,1.5,51.57
CU,CU03,Anchor,,COLD,0,0,-9,0,9,-6,0,-14,15,0,-9,0,0,0,15,-657.41,17.75,208.09
CU,CU03,Anchor,,OPERATING,0,0,-9,0,9,-6,0,-14,15,0,-9,0,0,0,15,-657.41,17.75,208.09
CV,CV03,Anchor,,COLD,0,0,-9,0,9,-6,0,-14,15,0,-9,0,0,0,15,-657.22,17.75,208.55
CV,CV03,Anchor,,OPERATING,0,0,-9,0,9,-6,0,-14,15,0,-9,0,0,0,15,-657.22,17.75,208.55
CY,CY48,Anchor,EQUIPMENT,COLD,0,0,-4,0,4,-1,0,0,1,0,-4,0,1,0,0,-1038.77,15.69,53.6
CY,CY48,Anchor,EQUIPMENT,OPERATING,0,0,-4,0,4,-1,0,0,1,-1,-4,0,1,0,0,-1038.77,15.69,53.6
CZ,CZ17,Anchor,EQUIPMENT,COLD,0,0,-7,0,7,-3,0,-2,4,0,-7,0,1,0,4,-1017.33,15.23,74.77
CZ,CZ17,Anchor,EQUIPMENT,OPERATING,0,0,-7,0,7,-3,2,-2,4,0,-7,0,1,2,4,-1017.33,15.23,74.77
DA,DA48,Anchor,EQUIPMENT,COLD,0,0,-5,0,5,-1,0,0,1,0,-5,0,0,0,1,-1038.3,15.69,54.07
DA,DA48,Anchor,EQUIPMENT,OPERATING,0,0,-5,0,5,-1,0,0,1,-1,-5,0,0,0,1,-1038.3,15.69,54.07
DB,DB17,Anchor,EQUIPMENT,COLD,0,0,-7,0,7,-2,0,-2,3,0,-7,0,0,0,3,-1017.77,15.23,74.34
DB,DB17,Anchor,EQUIPMENT,OPERATING,0,0,-7,0,7,-2,2,-2,4,0,-7,0,0,2,3,-1017.77,15.23,74.34
DC,DC00,Anchor,,COLD,0,0,2,0,2,0,0,0,0,0,2,0,0,0,0,-1172.55,12.67,-102.56
DC,DC00,Anchor,,OPERATING,0,0,2,0,2,0,0,0,0,0,2,0,0,0,0,-1172.55,12.67,-102.56
DD,DD25,Anchor,EQUIPMENT,COLD,0,0,1,-1,1,0,3,0,3,0,1,1,0,3,0,-1096.79,20.28,-80.04
DD,DD25,Anchor,EQUIPMENT,OPERATING,0,1,1,-6,6,0,24,0,24,-1,1,6,0,24,0,-1096.79,20.28,-80.04
DE,DE02,Anchor,EQUIPMENT,COLD,0,0,1,0,1,0,1,-1,1,0,1,0,0,1,1,-1096.11,20.28,-95.93
DE,DE02,Anchor,EQUIPMENT,OPERATING,0,-1,1,-3,3,0,6,-1,6,1,1,3,0,6,1,-1096.11,20.28,-95.93
DF,DF00,Anchor,,COLD,0,0,2,0,2,0,0,0,0,0,2,0,0,0,0,-1172.55,12.67,-102.06
DF,DF00,Anchor,,OPERATING,0,0,2,0,2,0,0,0,0,0,2,0,0,0,0,-1172.55,12.67,-102.06
DG,DG25,Anchor,EQUIPMENT,COLD,0,0,1,0,1,1,2,-1,2,0,1,0,-1,2,1,-1096.79,20.28,-79.37
DG,DG25,Anchor,EQUIPMENT,OPERATING,0,1,1,-4,5,1,19,-1,19,-1,1,4,-1,19,1,-1096.79,20.28,-79.37
DH,DH05,Anchor,EQUIPMENT,COLD,0,0,2,0,2,0,1,-1,1,0,2,0,0,1,1,-1096.11,19.94,-95.43
DH,DH05,Anchor,EQUIPMENT,OPERATING,0,-1,2,-2,3,0,4,-1,4,1,2,2,0,4,1,-1096.11,19.94,-95.43
DM,DM12,Anchor,,COLD,3,1,-72,3,72,-12,-1,21,24,-72,3,1,-1,21,-12,-1187.59,31.12,5.66
DM,DM12,Anchor,,OPERATING,3,1,-130,-8,130,-1,-21,29,36,-130,-8,1,-21,29,-1,-1187.59,31.12,5.66
DN,DN86,Anchor,,COLD,3,1,-138,0,138,-2,2,1,3,-138,0,1,2,1,-2,-1285.05,31.47,48.56
DN,DN86,Anchor,,OPERATING,3,5,-148,-5,148,21,21,13,33,-148,-5,5,21,13,21,-1285.05,31.47,48.56
DP,DP12,Anchor,,COLD,3,0,-79,1,79,-5,1,6,8,-79,1,0,1,6,-5,-1186.92,31.12,5.65
DP,DP12,Anchor,,OPERATING,3,0,-127,-13,127,24,-17,9,30,-127,-13,0,-17,9,24,-1186.92,31.12,5.65
DQ,DQ06,Anchor,FLOOR 3,COLD,4,-1,-208,-3,208,189,-6,-46,195,-208,-3,-1,-6,-46,189,-1189.81,37.07,-32.07
DQ,DQ06,Anchor,FLOOR 3,OPERATING,4,1,-207,-14,208,229,55,-42,239,-207,-14,1,55,-42,229,-1189.81,37.07,-32.07
DR,DR84,Anchor,,COLD,3,1,-133,0,133,-1,1,3,3,-133,0,1,1,3,-1,-1285.52,31.47,48.09
DR,DR84,Anchor,,OPERATING,3,5,-145,-6,145,24,23,14,36,-145,-6,5,23,14,24,-1285.52,31.47,48.09
DS,DS00,Anchor,FLOOR 3,COLD,4,-1,-199,-3,199,165,-6,-41,170,199,-3,1,6,-41,-165,-1190.65,37.07,-32.07
DS,DS00,Anchor,FLOOR 3,OPERATING,4,0,-201,10,201,130,46,-41,144,201,10,0,-46,-41,-130,-1190.65,37.07,-32.07
DT,DT12,Anchor,FLOOR 3,COLD,3,0,-54,0,54,1,0,2,2,-54,0,0,0,2,1,-1177.73,35.89,-102.69
DT,DT12,Anchor,FLOOR 3,OPERATING,3,1,-107,-34,112,72,15,28,78,-107,-34,1,15,28,72,-1177.73,35.89,-102.69
DU,DU11,Anchor,FLOOR 3,COLD,3,0,-49,0,49,1,-1,-1,2,-49,0,0,-1,-1,1,-1177.73,35.89,-103.35
DU,DU11,Anchor,FLOOR 3,OPERATING,3,1,-114,-20,116,27,33,-7,44,-114,-20,1,33,-7,27,-1177.73,35.89,-103.35
DV,DV11,Anchor,FLOOR 3,COLD,3,0,-51,-1,51,3,0,1,3,-51,-1,0,0,1,3,-1177.88,35.86,-127.55
DV,DV11,Anchor,FLOOR 3,OPERATING,3,-8,-82,6,82,11,-26,-24,37,-82,6,-8,-26,-24,11,-1177.88,35.86,-127.55
DW,DW00,Anchor,FLOOR 3,COLD,3,-1,-58,0,58,0,-2,2,3,58,0,1,2,2,0,-1177.87,35.86,-128.2
DW,DW00,Anchor,FLOOR 3,OPERATING,3,-11,-74,2,74,12,-26,-25,38,74,2,11,26,-25,-12,-1177.87,35.86,-128.2
DX,DX07,Anchor,FLOOR 3,COLD,3,3,-37,2,37,12,-5,16,21,-37,2,3,-5,16,12,-1172.65,36.07,-159.72
DX,DX07,Anchor,FLOOR 3,OPERATING,3,130,-162,18,208,-62,-101,517,531,-162,18,130,-101,517,-62,-1172.65,36.07,-159.72
DY,DY00,Anchor,FLOOR 3,COLD,3,6,-63,1,63,17,-5,26,31,63,1,-6,5,26,-17,-1172.65,36.07,-160.37
DY,DY00,Anchor,FLOOR 3,OPERATING,3,168,-164,7,235,-13,-91,697,703,164,7,-168,91,697,13,-1172.65,36.07,-160.37
DZ,DZ20,Anchor,,COLD,3,0,0,0,0,1,1,1,1,0,0,0,1,1,1,-1172.08,36.09,-224.35
DZ,DZ20,Anchor,,OPERATING,3,0,-4,0,4,1,-5,2,6,-4,0,0,-5,2,1,-1172.08,36.09,-224.35
EA,EA20,Anchor,,COLD,3,0,-5,0,5,5,-2,-20,21,-5,0,0,-2,-20,5,-1172.08,36.09,-223.7
EA,EA20,Anchor,,OPERATING,3,0,-9,0,9,4,-7,-18,19,-9,0,0,-7,-18,4,-1172.08,36.09,-223.7
EB,EB00,Anchor,EQUIPMENT,COLD,2.5,-1,-11,1,12,9,5,17,19,11,1,1,-5,17,-9,-1179.64,36.44,-184.48
EB,EB00,Anchor,EQUIPMENT,OPERATING,2.5,-1,-16,1,16,8,1,15,17,16,1,1,-1,15,-8,-1179.64,36.44,-184.48
EC,EC00,Anchor,EQUIPMENT,COLD,2.5,-1,-11,0,11,12,5,17,21,11,0,1,-5,17,-12,-1180.3,36.44,-184.48
EC,EC00,Anchor,EQUIPMENT,OPERATING,2.5,-1,-15,0,16,10,2,15,18,15,0,1,-2,15,-10,-1180.3,36.44,-184.48
ED,ED17,Anchor,EQUIPMENT,COLD,0,0,-4,0,4,0,0,0,1,0,-4,0,0,0,0,-1112.08,30.98,-110.8
ED,ED17,Anchor,EQUIPMENT,OPERATING,0,-2,-4,0,5,0,-2,0,2,-2,-4,0,0,-2,0,-1112.08,30.98,-110.8
EE,EE17,Anchor,EQUIPMENT,COLD,0,0,-4,0,4,1,0,0,1,0,-4,0,1,0,0,-1112.08,30.98,-110.13
EE,EE17,Anchor,EQUIPMENT,OPERATING,0,-2,-4,0,5,1,-2,0,3,-2,-4,0,1,-2,0,-1112.08,30.98,-110.13
EF,EF16,Anchor,EQUIPMENT,COLD,0,0,-31,0,31,0,0,0,1,31,0,0,0,0,0,-1304.92,-1.49,14.64
EF,EF16,Anchor,EQUIPMENT,OPERATING,0,0,-30,0,30,0,0,0,0,30,0,0,0,0,0,-1304.92,-1.49,14.64
EG,EG16,Anchor,EQUIPMENT,COLD,0,0,-31,0,31,1,0,0,1,31,0,0,0,0,-1,-1305.39,-1.49,15.11
EG,EG16,Anchor,EQUIPMENT,OPERATING,0,0,-31,0,31,1,0,0,1,31,0,0,0,0,-1,-1305.39,-1.49,15.11
EI,EI07,Anchor,,COLD,0,-1,-21,0,21,2,0,-2,2,-21,0,-1,0,-2,2,-1287.77,31.82,30.04
EI,EI07,Anchor,,OPERATING,0,-4,-22,-3,22,14,-1,-18,23,-22,-3,-4,-1,-18,14,-1287.77,31.82,30.04
EJ,EJ00,Anchor,,COLD,0,-1,-24,0,24,2,0,-2,2,24,0,1,0,-2,-2,-1287.41,31.82,29.68
EJ,EJ00,Anchor,,OPERATING,0,-4,-24,-3,24,13,-1,-17,22,24,-3,4,1,-17,-13,-1287.41,31.82,29.68
EL,EL12,Anchor,EQUIPMENT,COLD,0,0,0,0,0,0,0,0,0,0,0,0,0,0,0,-828.55,31.78,-163.94
EL,EL12,Anchor,EQUIPMENT,OPERATING,0,-6,0,0,6,0,1,0,1,-6,0,0,0,1,0,-828.55,31.78,-163.94
EM,EM12,Anchor,EQUIPMENT,COLD,0,0,0,0,1,0,0,0,0,0,0,0,0,0,0,-828.55,31.78,-163.42
EM,EM12,Anchor,EQUIPMENT,OPERATING,0,-7,0,0,7,0,2,0,2,-7,0,0,0,2,0,-828.55,31.78,-163.42
EN,EN02,Anchor,EQUIPMENT,COLD,0,-1,-2,0,2,0,-1,0,1,1,-2,0,0,-1,0,-1267.9,12,-292.49
EN,EN02,Anchor,EQUIPMENT,OPERATING,0,1,-2,0,2,0,0,0,1,-1,-2,0,0,0,0,-1267.9,12,-292.49
EO,EO01,Anchor,EQUIPMENT,COLD,0,-1,-2,0,2,0,-1,0,1,1,-2,0,0,-1,0,-1267.9,12.5,-292
EO,EO01,Anchor,EQUIPMENT,OPERATING,0,1,-2,1,2,0,0,0,0,-1,-2,-1,0,0,0,-1267.9,12.5,-292
EP,EP05,Anchor,EQUIPMENT,COLD,0,0,-4,0,4,0,0,-2,2,0,-4,0,0,0,2,-1269.59,11.95,-271.1
EP,EP05,Anchor,EQUIPMENT,OPERATING,0,1,-4,-1,4,0,3,-2,4,-1,-4,1,0,3,2,-1269.59,11.95,-271.1
EQ,EQ05,Anchor,EQUIPMENT,COLD,0,0,-3,0,3,0,0,-1,1,0,-3,0,0,0,1,-1269.62,11.94,-270.44
EQ,EQ05,Anchor,EQUIPMENT,OPERATING,0,2,-3,-1,4,0,3,-1,4,-2,-3,1,0,3,1,-1269.62,11.94,-270.44
ER,ER07,Anchor,,COLD,2.5,0,1,0,1,0,1,8,8,1,0,0,1,8,0,-866.89,20.37,-292.45
ER,ER07,Anchor,,OPERATING,2.5,4,-2,1,5,-6,-19,23,31,-2,1,4,-19,23,-6,-866.89,20.37,-292.45
ES,ES07,Anchor,,COLD,2.5,0,-5,0,5,8,-2,1,9,-5,0,0,-2,1,8,-865.25,20.38,-292.44
ES,ES07,Anchor,,OPERATING,2.5,7,-8,0,11,5,-23,24,34,-8,0,7,-23,24,5,-865.25,20.38,-292.44
ET,ET08,Anchor,,COLD,2.5,1,25,0,25,4,-1,8,9,25,0,1,-1,8,4,-874.22,20.67,-262.55
ET,ET08,Anchor,,OPERATING,2.5,6,-42,-1,42,-33,-20,50,63,-42,-1,6,-20,50,-33,-874.22,20.67,-262.55
EU,EU09,Anchor,,COLD,2.5,-3,88,0,88,4,8,-8,12,88,0,-3,8,-8,4,-876.04,20.67,-262.55
EU,EU09,Anchor,,OPERATING,2.5,6,31,-1,32,-30,-17,45,57,31,-1,6,-17,45,-30,-876.04,20.67,-262.55
EV,EV22,Anchor,EQUIPMENT,COLD,0,0,-2,0,2,0,-1,0,1,0,-2,0,0,-1,0,-885.09,14.44,-238.41
EV,EV22,Anchor,EQUIPMENT,OPERATING,0,0,-2,1,2,0,-2,0,2,1,-2,0,0,-2,0,-885.09,14.44,-238.41
EW,EW04,Anchor,EQUIPMENT,COLD,0,0,-1,0,1,0,0,0,0,0,-1,0,0,0,0,-882.27,14.41,-231.97
EW,EW04,Anchor,EQUIPMENT,OPERATING,0,0,-1,-1,1,0,0,0,0,-1,-1,0,0,0,0,-882.27,14.41,-231.97
EX,EX03,Anchor,EQUIPMENT,COLD,0,0,-1,0,1,0,0,0,0,0,-1,0,0,0,0,-877.74,14.41,-238.68
EX,EX03,Anchor,EQUIPMENT,OPERATING,0,0,-1,0,1,0,0,0,0,0,-1,0,0,0,0,-877.74,14.41,-238.68
EY,EY22,Anchor,EQUIPMENT,COLD,0,0,-1,0,1,1,-1,1,1,0,-1,0,1,-1,-1,-885.62,14.43,-238.42
EY,EY22,Anchor,EQUIPMENT,OPERATING,0,0,-1,0,1,1,-2,1,2,0,-1,0,1,-2,-1,-885.62,14.43,-238.42
EZ,EZ03,Anchor,EQUIPMENT,COLD,0,0,0,0,0,0,0,0,0,0,0,0,0,0,0,-878.27,14.41,-238.69
EZ,EZ03,Anchor,EQUIPMENT,OPERATING,0,0,0,0,1,0,0,0,0,0,0,0,0,0,0,-878.27,14.41,-238.69
FA,FA04,Anchor,EQUIPMENT,COLD,0,0,-1,0,1,0,0,0,0,0,-1,0,0,0,0,-882.8,14.41,-231.99
FA,FA04,Anchor,EQUIPMENT,OPERATING,0,0,-1,-1,1,0,0,0,0,-1,-1,0,0,0,0,-882.8,14.41,-231.99
