Seg,Point,Tag No.,Type,Combination,Nominal,GlobalFX,GlobalFY,GlobalFZ,GlobalFR,GlobalDX,GlobalDY,GlobalDZ,GlobalDR,LocalDir1,Force1,Disp1,Gap1
A,A01,,Rod Hgr,Gravity{1},8,0,388,0,388,0,0,0,0,down,388,0,0
A,A01,,Rod Hgr,COLD,8,0,388,0,388,0,0,0,0,down,388,0,0
A,A01,,Rod Hgr,GT1{1},8,0,274,0,274,0.042,0,0.133,0.139,down,274,0,0
A,A01,,Rod Hgr,GT1P1{1},8,0,273,0,273,0.042,0,0.134,0.14,down,273,0,0
A,A01,,Rod Hgr,OPERATING,8,0,273,0,273,0.042,0,0.134,0.14,down,273,0,0
A,A01,,Rod Hgr,Thermal 1{1},8,0,113,0,113,0.042,0,0.132,0.139,up,113,0,100
A,A01,,Rod Hgr,Pressure 1{1},8,0,1,0,1,0,0,0.001,0.001,up,1,0,100
A,A05,,Rod Hgr,OPERATING,12,0,642,0,642,0.148,0,0.695,0.711,down,642,0,0
A,A05,,Rod Hgr,GT1P1{1},12,0,642,0,642,0.148,0,0.695,0.711,down,642,0,0
A,A05,,Rod Hgr,GT1{1},12,0,639,0,639,0.147,0,0.69,0.705,down,639,0,0
A,A05,,Rod Hgr,COLD,12,0,428,0,428,0,0,0.002,0.002,down,428,0,0
A,A05,,Rod Hgr,Gravity{1},12,0,428,0,428,0,0,0.002,0.002,down,428,0,0
A,A05,,Rod Hgr,Thermal 1{1},12,0,212,0,212,0.147,0,0.687,0.703,down,212,0,0
A,A05,,Rod Hgr,Pressure 1{1},12,0,3,0,3,0.001,0,0.006,0.006,down,3,0,0
A,A11,,Rod Hgr,Gravity{1},6,0,395,0,395,0,0,0.003,0.003,down,395,0,0
A,A11,,Rod Hgr,COLD,6,0,395,0,395,0,0,0.003,0.003,down,395,0,0
A,A11,,Rod Hgr,GT1{1},6,0,306,0,306,0.234,0,0.896,0.926,down,306,0,0
A,A11,,Rod Hgr,OPERATING,6,0,305,0,305,0.236,0,0.903,0.934,down,305,0,0
A,A11,,Rod Hgr,GT1P1{1},6,0,305,0,305,0.236,0,0.903,0.934,down,305,0,0
A,A11,,Rod Hgr,Thermal 1{1},6,0,89,0,89,0.234,0,0.893,0.923,up,89,0,0
A,A11,,Rod Hgr,Pressure 1{1},6,0,1,0,1,0.002,0,0.008,0.008,up,1,0,0
A,A14,,Rod Hgr,Thermal 1{1},6,0,123,0,123,0.021,0.022,0.827,0.828,up,123,0.022,100
A,A14,,Rod Hgr,COLD,6,0,123,0,123,0.003,0,0.004,0.005,down,123,0,0
A,A14,,Rod Hgr,Gravity{1},6,0,123,0,123,0.003,0,0.004,0.005,down,123,0,0
A,A14,,Rod Hgr,Pressure 1{1},6,0,0,0,0,0,0,0.007,0.007,up,0,0,100
A,A14,,Rod Hgr,GT1{1},6,0,0,0,0,0.024,0.022,0.831,0.832,up,0,0.022,100
A,A14,,Rod Hgr,GT1P1{1},6,0,0,0,0,0.024,0.022,0.839,0.839,up,0,0.022,100
A,A14,,Rod Hgr,OPERATING,6,0,0,0,0,0.024,0.022,0.839,0.839,up,0,0.022,100
A,A16,,Rod Hgr,OPERATING,6,0,1166,0,1166,0.141,0,0.698,0.712,down,1166,0,0
A,A16,,Rod Hgr,GT1P1{1},6,0,1166,0,1166,0.141,0,0.698,0.712,down,1166,0,0
A,A16,,Rod Hgr,GT1{1},6,0,1160,0,1160,0.14,0,0.692,0.706,down,1160,0,0
A,A16,,Rod Hgr,Thermal 1{1},6,0,946,0,946,0.141,0,0.689,0.703,down,946,0,0
A,A16,,Rod Hgr,COLD,6,0,214,0,214,0.001,0,0.003,0.003,down,214,0,0
A,A16,,Rod Hgr,Gravity{1},6,0,214,0,214,0.001,0,0.003,0.003,down,214,0,0
A,A16,,Rod Hgr,Pressure 1{1},6,0,6,0,6,0.001,0,0.006,0.006,down,6,0,0
A,A28,,Rod Hgr,Thermal 1{1},6,0,1246,0,1246,0.113,0,0.453,0.466,up,1246,0,0
A,A28,,Rod Hgr,GT1P1{1},6,0,845,0,845,0.113,0,0.461,0.475,up,845,0,0
A,A28,,Rod Hgr,OPERATING,6,0,845,0,845,0.113,0,0.461,0.475,up,845,0,0
A,A28,,Rod Hgr,GT1{1},6,0,837,0,837,0.112,0,0.457,0.471,up,837,0,0
A,A28,,Rod Hgr,Gravity{1},6,0,409,0,409,0.001,0,0.004,0.004,down,409,0,0
A,A28,,Rod Hgr,COLD,6,0,409,0,409,0.001,0,0.004,0.004,down,409,0,0
A,A28,,Rod Hgr,Pressure 1{1},6,0,8,0,8,0.001,0,0.004,0.004,up,8,0,0
A,A29,,Rod Hgr,Thermal 1{1},6,0,1073,0,1073,0.018,0,0.104,0.105,up,1073,0,0
A,A29,,Rod Hgr,OPERATING,6,0,827,0,827,0.019,0,0.106,0.108,up,827,0,0
A,A29,,Rod Hgr,GT1P1{1},6,0,827,0,827,0.019,0,0.106,0.108,up,827,0,0
A,A29,,Rod Hgr,GT1{1},6,0,821,0,821,0.018,0,0.105,0.107,up,821,0,0
A,A29,,Rod Hgr,COLD,6,0,253,0,253,0.001,0,0.001,0.001,down,253,0,0
A,A29,,Rod Hgr,Gravity{1},6,0,253,0,253,0.001,0,0.001,0.001,down,253,0,0
A,A29,,Rod Hgr,Pressure 1{1},6,0,7,0,7,0,0,0.001,0.001,up,7,0,0
A,A30,,Rod Hgr,OPERATING,6,0,912,0,912,0.049,0,0.261,0.266,down,912,0,0
A,A30,,Rod Hgr,GT1P1{1},6,0,912,0,912,0.049,0,0.261,0.266,down,912,0,0
A,A30,,Rod Hgr,GT1{1},6,0,908,0,908,0.049,0,0.259,0.263,down,908,0,0
A,A30,,Rod Hgr,Thermal 1{1},6,0,657,0,657,0.049,0,0.256,0.261,down,657,0,0
A,A30,,Rod Hgr,COLD,6,0,251,0,251,0.001,0,0.003,0.003,down,251,0,0
A,A30,,Rod Hgr,Gravity{1},6,0,251,0,251,0.001,0,0.003,0.003,down,251,0,0
A,A30,,Rod Hgr,Pressure 1{1},6,0,4,0,4,0,0,0.002,0.003,down,4,0,0
AB,AB03,,Rod Hgr,GT1P1{1},12,0,2456,0,2456,0.329,0,0.585,0.671,down,2456,0,0
AB,AB03,,Rod Hgr,OPERATING,12,0,2456,0,2456,0.329,0,0.585,0.671,down,2456,0,0
AB,AB03,,Rod Hgr,GT1{1},12,0,2449,0,2449,0.326,0,0.58,0.665,down,2449,0,0
AB,AB03,,Rod Hgr,Gravity{1},12,0,1941,0,1941,0.005,0,0.003,0.005,down,1941,0,0
AB,AB03,,Rod Hgr,COLD,12,0,1941,0,1941,0.005,0,0.003,0.005,down,1941,0,0
AB,AB03,,Rod Hgr,Thermal 1{1},12,0,508,0,508,0.321,0,0.577,0.661,down,508,0,0
AB,AB03,,Rod Hgr,Pressure 1{1},12,0,7,0,7,0.003,0,0.005,0.006,down,7,0,0
AB,AB05,,Rod Hgr,COLD,12,0,1735,0,1735,0.005,0,0.003,0.006,down,1735,0,0
AB,AB05,,Rod Hgr,Gravity{1},12,0,1735,0,1735,0.005,0,0.003,0.006,down,1735,0,0
AB,AB05,,Rod Hgr,GT1{1},12,0,1729,0,1729,0.198,0,0.435,0.478,down,1729,0,0
AB,AB05,,Rod Hgr,OPERATING,12,0,1717,0,1717,0.2,0,0.439,0.482,down,1717,0,0
AB,AB05,,Rod Hgr,GT1P1{1},12,0,1717,0,1717,0.2,0,0.439,0.482,down,1717,0,0
AB,AB05,,Rod Hgr,Pressure 1{1},12,0,12,0,12,0.002,0,0.004,0.004,up,12,0,100
AB,AB05,,Rod Hgr,Thermal 1{1},12,0,6,0,6,0.193,0,0.433,0.474,up,6,0,100
AB,AB15,,Rod Hgr,OPERATING,12,0,19172,0,19172,0.008,0,0.182,0.182,down,19172,0,0
AB,AB15,,Rod Hgr,GT1P1{1},12,0,19172,0,19172,0.008,0,0.182,0.182,down,19172,0,0
AB,AB15,,Rod Hgr,GT1{1},12,0,19058,0,19058,0.008,0,0.18,0.181,down,19058,0,0
AB,AB15,,Rod Hgr,Thermal 1{1},12,0,17528,0,17528,0.006,0,0.177,0.177,down,17528,0,0
AB,AB15,,Rod Hgr,COLD,12,0,1529,0,1529,0.001,0,0.003,0.003,down,1529,0,0
AB,AB15,,Rod Hgr,Gravity{1},12,0,1529,0,1529,0.001,0,0.003,0.003,down,1529,0,0
AB,AB15,,Rod Hgr,Pressure 1{1},12,0,114,0,114,0,0,0.001,0.001,down,114,0,0
AB,AB16,,Rod Hgr,Thermal 1{1},12,0,2273,0,2273,0.077,0.127,0.306,0.34,up,2273,0.127,100
AB,AB16,,Rod Hgr,Gravity{1},12,0,2273,0,2273,0.004,0,0.003,0.005,down,2273,0,0
AB,AB16,,Rod Hgr,COLD,12,0,2273,0,2273,0.004,0,0.003,0.005,down,2273,0,0
AB,AB16,,Rod Hgr,OPERATING,12,0,0,0,0,0.082,0.128,0.311,0.346,up,0,0.128,100
AB,AB16,,Rod Hgr,Pressure 1{1},12,0,0,0,0,0.001,0.002,0.003,0.003,up,0,0.002,100
AB,AB16,,Rod Hgr,GT1{1},12,0,0,0,0,0.081,0.127,0.309,0.343,up,0,0.127,100
AB,AB16,,Rod Hgr,GT1P1{1},12,0,0,0,0,0.082,0.128,0.311,0.346,up,0,0.128,100
AB,AB17,,Rod Hgr,COLD,12,0,1345,0,1345,0.001,0,0.003,0.003,down,1345,0,0
AB,AB17,,Rod Hgr,Gravity{1},12,0,1345,0,1345,0.001,0,0.003,0.003,down,1345,0,0
AB,AB17,,Rod Hgr,GT1{1},12,0,1237,0,1237,0.35,0,0.723,0.804,down,1237,0,0
AB,AB17,,Rod Hgr,GT1P1{1},12,0,1235,0,1235,0.353,0,0.729,0.81,down,1235,0,0
AB,AB17,,Rod Hgr,OPERATING,12,0,1235,0,1235,0.353,0,0.729,0.81,down,1235,0,0
AB,AB17,,Rod Hgr,Thermal 1{1},12,0,108,0,108,0.349,0,0.721,0.801,up,108,0,0
AB,AB17,,Rod Hgr,Pressure 1{1},12,0,2,0,2,0.003,0,0.006,0.007,up,2,0,0
AB,AB18,,Guide,COLD,12,8,0,17,19,0,0,0,0,down,17,0,0
AB,AB18,,Guide,GT1{1},12,34,0,1204,1204,0,0.092,0,0.092,up,1204,0,0
AB,AB18,,Guide,GT1P1{1},12,34,0,1215,1215,0,0.093,0,0.093,up,1215,0,0
AB,AB18,,Guide,OPERATING,12,34,0,1215,1215,0,0.093,0,0.093,up,1215,0,0
AB,AB18,,Guide,Pressure 1{1},12,0,0,11,11,0,0.001,0,0.001,up,11,0,0
AB,AB18,,Guide,Gravity{1},12,8,0,17,19,0,0,0,0,down,17,0,0
AB,AB18,,Guide,Thermal 1{1},12,42,0,1220,1221,0,0.092,0,0.092,up,1220,0,0
AC,AC23,,Rod Hgr,Gravity{1},6,0,552,0,552,0.003,0,0,0.003,down,552,0,0
AC,AC23,,Rod Hgr,COLD,6,0,552,0,552,0.003,0,0,0.003,down,552,0,0
AC,AC23,,Rod Hgr,GT1{1},6,0,369,0,369,0.325,0,0.549,0.638,down,369,0,0
AC,AC23,,Rod Hgr,GT1P1{1},6,0,368,0,368,0.328,0,0.554,0.644,down,368,0,0
AC,AC23,,Rod Hgr,OPERATING,6,0,368,0,368,0.328,0,0.554,0.644,down,368,0,0
AC,AC23,,Rod Hgr,Thermal 1{1},6,0,183,0,183,0.322,0,0.549,0.637,up,183,0,0
AC,AC23,,Rod Hgr,Pressure 1{1},6,0,0,0,0,0.003,0,0.005,0.005,up,0,0,0
AC,AC24,,Rod Hgr,GT1{1},6,0,545,0,545,0.364,0,0.588,0.692,down,545,0,0
AC,AC24,,Rod Hgr,GT1P1{1},6,0,544,0,544,0.367,0,0.593,0.697,down,544,0,0
AC,AC24,,Rod Hgr,OPERATING,6,0,544,0,544,0.367,0,0.593,0.697,down,544,0,0
AC,AC24,,Rod Hgr,COLD,6,0,518,0,518,0.009,0,0.005,0.01,down,518,0,0
AC,AC24,,Rod Hgr,Gravity{1},6,0,518,0,518,0.009,0,0.005,0.01,down,518,0,0
AC,AC24,,Rod Hgr,Thermal 1{1},6,0,27,0,27,0.372,0,0.593,0.7,down,27,0,0
AC,AC24,,Rod Hgr,Pressure 1{1},6,0,0,0,0,0.003,0,0.005,0.006,up,0,0,0
AC,AC25,,Rod Hgr,OPERATING,6,0,568,0,568,0.521,0,0.305,0.604,down,568,0,0
AC,AC25,,Rod Hgr,GT1P1{1},6,0,568,0,568,0.521,0,0.305,0.604,down,568,0,0
AC,AC25,,Rod Hgr,GT1{1},6,0,567,0,567,0.517,0,0.303,0.599,down,567,0,0
AC,AC25,,Rod Hgr,Gravity{1},6,0,348,0,348,0.009,0,0.003,0.009,down,348,0,0
AC,AC25,,Rod Hgr,COLD,6,0,348,0,348,0.009,0,0.003,0.009,down,348,0,0
AC,AC25,,Rod Hgr,Thermal 1{1},6,0,219,0,219,0.526,0,0.306,0.608,down,219,0,0
AC,AC25,,Rod Hgr,Pressure 1{1},6,0,1,0,1,0.004,0,0.002,0.004,down,1,0,0
AC,AC26,,Rod Hgr,COLD,6,0,261,0,261,0.009,0,0.005,0.01,down,261,0,0
AC,AC26,,Rod Hgr,Gravity{1},6,0,261,0,261,0.009,0,0.005,0.01,down,261,0,0
AC,AC26,,Rod Hgr,Thermal 1{1},6,0,175,0,175,0.449,0,0.509,0.679,up,175,0,0
AC,AC26,,Rod Hgr,GT1{1},6,0,86,0,86,0.44,0,0.504,0.67,down,86,0,0
AC,AC26,,Rod Hgr,GT1P1{1},6,0,85,0,85,0.444,0,0.508,0.675,down,85,0,0
AC,AC26,,Rod Hgr,OPERATING,6,0,85,0,85,0.444,0,0.508,0.675,down,85,0,0
AC,AC26,,Rod Hgr,Pressure 1{1},6,0,1,0,1,0.003,0,0.004,0.005,up,1,0,0
AC,AC29,,Rod Hgr,Thermal 1{1},6,0,536,0,536,0.238,0,0.094,0.256,up,536,0,0
AC,AC29,,Rod Hgr,GT1P1{1},6,0,299,0,299,0.236,0,0.094,0.254,up,299,0,0
AC,AC29,,Rod Hgr,OPERATING,6,0,299,0,299,0.236,0,0.094,0.254,up,299,0,0
AC,AC29,,Rod Hgr,GT1{1},6,0,296,0,296,0.235,0,0.093,0.252,up,296,0,0
AC,AC29,,Rod Hgr,Gravity{1},6,0,239,0,239,0.004,0,0.001,0.004,down,239,0,0
AC,AC29,,Rod Hgr,COLD,6,0,239,0,239,0.004,0,0.001,0.004,down,239,0,0
AC,AC29,,Rod Hgr,Pressure 1{1},6,0,3,0,3,0.002,0,0.001,0.002,up,3,0,0
AG,AG04,,Rod Hgr,OPERATING,3,0,86,0,86,0.016,0,0.044,0.047,down,86,0,0
AG,AG04,,Rod Hgr,GT1P1{1},3,0,86,0,86,0.016,0,0.044,0.047,down,86,0,0
AG,AG04,,Rod Hgr,GT1{1},3,0,86,0,86,0.016,0,0.044,0.047,down,86,0,0
AG,AG04,,Rod Hgr,Gravity{1},3,0,85,0,85,0,0,0,0,down,85,0,0
AG,AG04,,Rod Hgr,COLD,3,0,85,0,85,0,0,0,0,down,85,0,0
AG,AG04,,Rod Hgr,Thermal 1{1},3,0,2,0,2,0.016,0,0.044,0.046,down,2,0,0
AG,AG04,,Rod Hgr,Pressure 1{1},3,0,0,0,0,0,0,0,0,down,0,0,0
AG,AG05,,Rod Hgr,Gravity{1},3,0,137,0,137,0.003,0,0,0.003,down,137,0,0
AG,AG05,,Rod Hgr,COLD,3,0,137,0,137,0.003,0,0,0.003,down,137,0,0
AG,AG05,,Rod Hgr,GT1{1},3,0,132,0,132,0.289,0,0.04,0.292,down,132,0,0
AG,AG05,,Rod Hgr,GT1P1{1},3,0,132,0,132,0.291,0,0.04,0.294,down,132,0,0
AG,AG05,,Rod Hgr,OPERATING,3,0,132,0,132,0.291,0,0.04,0.294,down,132,0,0
AG,AG05,,Rod Hgr,Thermal 1{1},3,0,5,0,5,0.286,0,0.04,0.289,up,5,0,0
AG,AG05,,Rod Hgr,Pressure 1{1},3,0,0,0,0,0.002,0,0,0.002,up,0,0,0
AG,AG07,,Rod Hgr,GT1{1},3,0,145,0,145,0.457,0,0.128,0.475,down,145,0,0
AG,AG07,,Rod Hgr,GT1P1{1},3,0,145,0,145,0.46,0,0.129,0.478,down,145,0,0
AG,AG07,,Rod Hgr,OPERATING,3,0,145,0,145,0.46,0,0.129,0.478,down,145,0,0
AG,AG07,,Rod Hgr,COLD,3,0,115,0,115,0.006,0,0,0.006,down,115,0,0
AG,AG07,,Rod Hgr,Gravity{1},3,0,115,0,115,0.006,0,0,0.006,down,115,0,0
AG,AG07,,Rod Hgr,Thermal 1{1},3,0,30,0,30,0.451,0,0.129,0.469,down,30,0,0
AG,AG07,,Rod Hgr,Pressure 1{1},3,0,0,0,0,0.003,0,0,0.003,down,0,0,0
AG,AG08,,Rod Hgr,COLD,3,0,66,0,66,0.006,0,0.001,0.006,down,66,0,0
AG,AG08,,Rod Hgr,Gravity{1},3,0,66,0,66,0.006,0,0.001,0.006,down,66,0,0
AG,AG08,,Rod Hgr,Thermal 1{1},3,0,37,0,37,0.179,0,0.101,0.206,up,37,0,0
AG,AG08,,Rod Hgr,GT1{1},3,0,29,0,29,0.185,0,0.1,0.21,down,29,0,0
AG,AG08,,Rod Hgr,GT1P1{1},3,0,29,0,29,0.186,0,0.1,0.211,down,29,0,0
AG,AG08,,Rod Hgr,OPERATING,3,0,29,0,29,0.186,0,0.1,0.211,down,29,0,0
AG,AG08,,Rod Hgr,Pressure 1{1},3,0,1,0,1,0.001,0,0,0.001,up,1,0,0
AH,AH26,,Rod Hgr,OPERATING,6,0,471,0,471,0.235,0,0.046,0.239,down,471,0,0
AH,AH26,,Rod Hgr,GT1P1{1},6,0,471,0,471,0.235,0,0.046,0.239,down,471,0,0
AH,AH26,,Rod Hgr,GT1{1},6,0,470,0,470,0.233,0,0.046,0.238,down,470,0,0
AH,AH26,,Rod Hgr,Gravity{1},6,0,342,0,342,0.002,0,0,0.002,down,342,0,0
AH,AH26,,Rod Hgr,COLD,6,0,342,0,342,0.002,0,0,0.002,down,342,0,0
AH,AH26,,Rod Hgr,Thermal 1{1},6,0,128,0,128,0.232,0,0.046,0.236,down,128,0,0
AH,AH26,,Rod Hgr,Pressure 1{1},6,0,1,0,1,0.001,0,0,0.001,down,1,0,0
AH,AH27,,Rod Hgr,Thermal 1{1},6,0,1257,0,1257,0.146,0,0.055,0.156,up,1257,0,0
AH,AH27,,Rod Hgr,OPERATING,6,0,1057,0,1057,0.148,0,0.054,0.157,up,1057,0,0
AH,AH27,,Rod Hgr,GT1P1{1},6,0,1057,0,1057,0.148,0,0.054,0.157,up,1057,0,0
AH,AH27,,Rod Hgr,GT1{1},6,0,1050,0,1050,0.147,0,0.054,0.157,up,1050,0,0
AH,AH27,,Rod Hgr,COLD,6,0,208,0,208,0.001,0,0.001,0.001,down,208,0,0
AH,AH27,,Rod Hgr,Gravity{1},6,0,208,0,208,0.001,0,0.001,0.001,down,208,0,0
AH,AH27,,Rod Hgr,Pressure 1{1},6,0,7,0,7,0.001,0,0,0.001,up,7,0,0
AH,AH28,,Rod Hgr,Thermal 1{1},6,0,264,0,264,0.182,0,0.027,0.184,up,264,0,0
AH,AH28,,Rod Hgr,OPERATING,6,0,134,0,134,0.185,0,0.026,0.187,up,134,0,0
AH,AH28,,Rod Hgr,GT1P1{1},6,0,134,0,134,0.185,0,0.026,0.187,up,134,0,0
AH,AH28,,Rod Hgr,GT1{1},6,0,133,0,133,0.184,0,0.026,0.186,up,133,0,0
AH,AH28,,Rod Hgr,Gravity{1},6,0,131,0,131,0.002,0,0.001,0.002,down,131,0,0
AH,AH28,,Rod Hgr,COLD,6,0,131,0,131,0.002,0,0.001,0.002,down,131,0,0
AH,AH28,,Rod Hgr,Pressure 1{1},6,0,2,0,2,0.001,0,0,0.001,up,2,0,0
AH,AH29,,Rod Hgr,GT1{1},6,0,450,0,450,0.334,0,0.144,0.363,down,450,0,0
AH,AH29,,Rod Hgr,GT1P1{1},6,0,450,0,450,0.336,0,0.145,0.365,down,450,0,0
AH,AH29,,Rod Hgr,OPERATING,6,0,450,0,450,0.336,0,0.145,0.365,down,450,0,0
AH,AH29,,Rod Hgr,Gravity{1},6,0,400,0,400,0.002,0,0.001,0.002,down,400,0,0
AH,AH29,,Rod Hgr,COLD,6,0,400,0,400,0.002,0,0.001,0.002,down,400,0,0
AH,AH29,,Rod Hgr,Thermal 1{1},6,0,49,0,49,0.332,0,0.143,0.361,down,49,0,0
AH,AH29,,Rod Hgr,Pressure 1{1},6,0,0,0,0,0.002,0,0.001,0.002,down,0,0,0
AH,AH30,,Rod Hgr,COLD,6,0,215,0,215,0.002,0,0.001,0.002,down,215,0,0
AH,AH30,,Rod Hgr,Gravity{1},6,0,215,0,215,0.002,0,0.001,0.002,down,215,0,0
AH,AH30,,Rod Hgr,OPERATING,6,0,123,0,123,0.416,0,0.172,0.451,down,123,0,0
AH,AH30,,Rod Hgr,GT1P1{1},6,0,123,0,123,0.416,0,0.172,0.451,down,123,0,0
AH,AH30,,Rod Hgr,GT1{1},6,0,123,0,123,0.414,0,0.171,0.448,down,123,0,0
AH,AH30,,Rod Hgr,Thermal 1{1},6,0,91,0,91,0.412,0,0.17,0.446,up,91,0,0
AH,AH30,,Rod Hgr,Pressure 1{1},6,0,1,0,1,0.002,0,0.001,0.003,up,1,0,0
AH,AH31,,Rod Hgr,OPERATING,6,0,383,0,383,0.394,0,0.131,0.415,down,383,0,0
AH,AH31,,Rod Hgr,GT1{1},6,0,383,0,383,0.392,0,0.13,0.413,down,383,0,0
AH,AH31,,Rod Hgr,GT1P1{1},6,0,383,0,383,0.394,0,0.131,0.415,down,383,0,0
AH,AH31,,Rod Hgr,COLD,6,0,279,0,279,0.002,0,0.002,0.002,down,279,0,0
AH,AH31,,Rod Hgr,Gravity{1},6,0,279,0,279,0.002,0,0.002,0.002,down,279,0,0
AH,AH31,,Rod Hgr,Thermal 1{1},6,0,103,0,103,0.39,0,0.128,0.411,down,103,0,0
AH,AH31,,Rod Hgr,Pressure 1{1},6,0,1,0,1,0.002,0,0.001,0.002,down,1,0,0
AH,AH32,,Rod Hgr,Gravity{1},6,0,364,0,364,0.001,0,0.002,0.002,down,364,0,0
AH,AH32,,Rod Hgr,COLD,6,0,364,0,364,0.001,0,0.002,0.002,down,364,0,0
AH,AH32,,Rod Hgr,GT1{1},6,0,319,0,319,0.191,0,0.043,0.196,down,319,0,0
AH,AH32,,Rod Hgr,GT1P1{1},6,0,319,0,319,0.192,0,0.043,0.197,down,319,0,0
AH,AH32,,Rod Hgr,OPERATING,6,0,319,0,319,0.192,0,0.043,0.197,down,319,0,0
AH,AH32,,Rod Hgr,Thermal 1{1},6,0,44,0,44,0.191,0,0.041,0.195,up,44,0,0
AH,AH32,,Rod Hgr,Pressure 1{1},6,0,0,0,0,0.001,0,0,0.001,up,0,0,0
AH,AH33,,Rod Hgr,GT1{1},6,0,367,0,367,0.045,0,0.044,0.062,down,367,0,0
AH,AH33,,Rod Hgr,GT1P1{1},6,0,367,0,367,0.045,0,0.044,0.063,down,367,0,0
AH,AH33,,Rod Hgr,OPERATING,6,0,367,0,367,0.045,0,0.044,0.063,down,367,0,0
AH,AH33,,Rod Hgr,COLD,6,0,357,0,357,0.001,0,0.002,0.002,down,357,0,0
AH,AH33,,Rod Hgr,Gravity{1},6,0,357,0,357,0.001,0,0.002,0.002,down,357,0,0
AH,AH33,,Rod Hgr,Thermal 1{1},6,0,10,0,10,0.044,0,0.045,0.063,down,10,0,0
AH,AH33,,Rod Hgr,Pressure 1{1},6,0,0,0,0,0,0,0,0,down,0,0,0
AH,AH34,,Rod Hgr,OPERATING,6,0,320,0,320,0.253,0,0.131,0.285,down,320,0,0
AH,AH34,,Rod Hgr,GT1P1{1},6,0,320,0,320,0.253,0,0.131,0.285,down,320,0,0
AH,AH34,,Rod Hgr,GT1{1},6,0,320,0,320,0.252,0,0.13,0.284,down,320,0,0
AH,AH34,,Rod Hgr,COLD,6,0,308,0,308,0.002,0,0.002,0.002,down,308,0,0
AH,AH34,,Rod Hgr,Gravity{1},6,0,308,0,308,0.002,0,0.002,0.002,down,308,0,0
AH,AH34,,Rod Hgr,Thermal 1{1},6,0,12,0,12,0.25,0,0.132,0.283,down,12,0,0
AH,AH34,,Rod Hgr,Pressure 1{1},6,0,0,0,0,0.001,0,0.001,0.002,down,0,0,0
AH,AH35,,Rod Hgr,COLD,6,0,235,0,235,0.002,0,0.002,0.003,down,235,0,0
AH,AH35,,Rod Hgr,Gravity{1},6,0,235,0,235,0.002,0,0.002,0.003,down,235,0,0
AH,AH35,,Rod Hgr,OPERATING,6,0,220,0,220,0.326,0,0.187,0.376,down,220,0,0
AH,AH35,,Rod Hgr,GT1{1},6,0,220,0,220,0.324,0,0.186,0.374,down,220,0,0
AH,AH35,,Rod Hgr,GT1P1{1},6,0,220,0,220,0.326,0,0.187,0.376,down,220,0,0
AH,AH35,,Rod Hgr,Thermal 1{1},6,0,15,0,15,0.322,0,0.188,0.373,up,15,0,0
AH,AH35,,Rod Hgr,Pressure 1{1},6,0,0,0,0,0.002,0,0.001,0.002,up,0,0,0
AH,AH36,,Rod Hgr,OPERATING,6,0,491,0,491,0.007,0,0.068,0.069,down,491,0,0
AH,AH36,,Rod Hgr,GT1P1{1},6,0,491,0,491,0.007,0,0.068,0.069,down,491,0,0
AH,AH36,,Rod Hgr,GT1{1},6,0,491,0,491,0.007,0,0.068,0.068,down,491,0,0
AH,AH36,,Rod Hgr,Gravity{1},6,0,434,0,434,0.001,0,0.004,0.004,down,434,0,0
AH,AH36,,Rod Hgr,COLD,6,0,434,0,434,0.001,0,0.004,0.004,down,434,0,0
AH,AH36,,Rod Hgr,Thermal 1{1},6,0,57,0,57,0.006,0,0.064,0.064,down,57,0,0
AH,AH36,,Rod Hgr,Pressure 1{1},6,0,0,0,0,0,0,0,0,down,0,0,0
AH,AH37,,Rod Hgr,Gravity{1},6,0,369,0,369,0.002,0,0.002,0.003,down,369,0,0
AH,AH37,,Rod Hgr,COLD,6,0,369,0,369,0.002,0,0.002,0.003,down,369,0,0
AH,AH37,,Rod Hgr,GT1{1},6,0,364,0,364,0.24,0,0.149,0.282,down,364,0,0
AH,AH37,,Rod Hgr,OPERATING,6,0,363,0,363,0.241,0,0.15,0.284,down,363,0,0
AH,AH37,,Rod Hgr,GT1P1{1},6,0,363,0,363,0.241,0,0.15,0.284,down,363,0,0
AH,AH37,,Rod Hgr,Thermal 1{1},6,0,6,0,6,0.238,0,0.151,0.282,up,6,0,0
AH,AH37,,Rod Hgr,Pressure 1{1},6,0,0,0,0,0.001,0,0.001,0.002,up,0,0,0
AH,AH38,,Rod Hgr,OPERATING,6,0,393,0,393,0.156,0,0.043,0.161,down,393,0,0
AH,AH38,,Rod Hgr,GT1{1},6,0,393,0,393,0.155,0,0.043,0.161,down,393,0,0
AH,AH38,,Rod Hgr,GT1P1{1},6,0,393,0,393,0.156,0,0.043,0.161,down,393,0,0
AH,AH38,,Rod Hgr,Gravity{1},6,0,353,0,353,0.002,0,0.003,0.003,down,353,0,0
AH,AH38,,Rod Hgr,COLD,6,0,353,0,353,0.002,0,0.003,0.003,down,353,0,0
AH,AH38,,Rod Hgr,Thermal 1{1},6,0,39,0,39,0.153,0,0.045,0.159,down,39,0,0
AH,AH38,,Rod Hgr,Pressure 1{1},6,0,0,0,0,0.001,0,0,0.001,down,0,0,0
AH,AH39,,Rod Hgr,COLD,6,0,265,0,265,0.002,0,0.004,0.004,down,265,0,0
AH,AH39,,Rod Hgr,Gravity{1},6,0,265,0,265,0.002,0,0.004,0.004,down,265,0,0
AH,AH39,,Rod Hgr,GT1{1},6,0,139,0,139,0.07,0,0.084,0.109,down,139,0,0
AH,AH39,,Rod Hgr,GT1P1{1},6,0,138,0,138,0.07,0,0.084,0.11,down,138,0,0
AH,AH39,,Rod Hgr,OPERATING,6,0,138,0,138,0.07,0,0.084,0.11,down,138,0,0
AH,AH39,,Rod Hgr,Thermal 1{1},6,0,127,0,127,0.068,0,0.08,0.105,up,127,0,0
AH,AH39,,Rod Hgr,Pressure 1{1},6,0,1,0,1,0,0,0.001,0.001,up,1,0,0
AH,AH41,,Guide,Thermal 1{1},6,60,0,230,238,0,0.033,0,0.033,down,230,0,0
AH,AH41,,Guide,Pressure 1{1},6,0,0,1,1,0,0,0,0,down,1,0,0
AH,AH41,,Guide,GT1{1},6,74,0,264,274,0,0.032,0,0.032,down,264,0,0
AH,AH41,,Guide,GT1P1{1},6,74,0,265,275,0,0.032,0,0.032,down,265,0,0
AH,AH41,,Guide,COLD,6,14,0,34,37,0,0,0,0,down,34,0,0
AH,AH41,,Guide,Gravity{1},6,14,0,34,37,0,0,0,0,down,34,0,0
AH,AH41,,Guide,OPERATING,6,74,0,265,275,0,0.032,0,0.032,down,265,0,0
AH,AH43,,Shoe,GT1P1{1},6,0,1999,0,1999,0.002,0,0.012,0.012,down,1999,0,0
AH,AH43,,Shoe,OPERATING,6,0,1999,0,1999,0.002,0,0.012,0.012,down,1999,0,0
AH,AH43,,Shoe,GT1{1},6,0,1989,0,1989,0.002,0,0.011,0.012,down,1989,0,0
AH,AH43,,Shoe,Thermal 1{1},6,0,1633,0,1633,0.003,0,0.012,0.012,down,1633,0,0
AH,AH43,,Shoe,Gravity{1},6,0,356,0,356,0.001,0,0,0.001,down,356,0,0
AH,AH43,,Shoe,COLD,6,0,356,0,356,0.001,0,0,0.001,down,356,0,0
AH,AH43,,Shoe,Pressure 1{1},6,0,10,0,10,0,0,0,0,down,10,0,0
AH,AH44,,Shoe,GT1P1{1},6,0,649,0,649,0.043,0,0.055,0.07,down,649,0,0
AH,AH44,,Shoe,OPERATING,6,0,649,0,649,0.043,0,0.055,0.07,down,649,0,0
AH,AH44,,Shoe,GT1{1},6,0,646,0,646,0.043,0,0.054,0.069,down,646,0,0
AH,AH44,,Shoe,Thermal 1{1},6,0,480,0,480,0.044,0,0.054,0.07,down,480,0,0
AH,AH44,,Shoe,COLD,6,0,166,0,166,0.001,0,0,0.001,down,166,0,0
AH,AH44,,Shoe,Gravity{1},6,0,166,0,166,0.001,0,0,0.001,down,166,0,0
AH,AH44,,Shoe,Pressure 1{1},6,0,3,0,3,0,0,0,0,down,3,0,0
AH,AH45,,Shoe,COLD,6,0,604,0,604,0.001,0,0,0.001,down,604,0,0
AH,AH45,,Shoe,Gravity{1},6,0,604,0,604,0.001,0,0,0.001,down,604,0,0
AH,AH45,,Shoe,OPERATING,6,0,480,0,480,0.01,0,0.038,0.039,down,480,0,0
AH,AH45,,Shoe,GT1P1{1},6,0,480,0,480,0.01,0,0.038,0.039,down,480,0,0
AH,AH45,,Shoe,GT1{1},6,0,480,0,480,0.01,0,0.038,0.039,down,480,0,0
AH,AH45,,Shoe,Thermal 1{1},6,0,123,0,123,0.011,0,0.038,0.039,up,123,0,0
AH,AH45,,Shoe,Pressure 1{1},6,0,1,0,1,0,0,0,0,up,1,0,0
AI,AI27,,Guide,Thermal 1{1},4,44,0,98,107,0,0.041,0,0.041,down,98,0,0
AI,AI27,,Guide,Gravity{1},4,9,0,1,9,0,0.001,0,0.001,up,1,0,0
AI,AI27,,Guide,Pressure 1{1},4,0,0,0,0,0,0,0,0,down,0,0,0
AI,AI27,,Guide,GT1{1},4,53,0,97,111,0,0.04,0,0.04,down,97,0,0
AI,AI27,,Guide,GT1P1{1},4,53,0,98,111,0,0.04,0,0.04,down,98,0,0
AI,AI27,,Guide,COLD,4,9,0,1,9,0,0.001,0,0.001,up,1,0,0
AI,AI27,,Guide,OPERATING,4,53,0,98,111,0,0.04,0,0.04,down,98,0,0
AI,AI29,,Rod Hgr,GT1{1},4,0,220,0,220,0.049,0,0.244,0.249,down,220,0,0
AI,AI29,,Rod Hgr,OPERATING,4,0,220,0,220,0.049,0,0.246,0.25,down,220,0,0
AI,AI29,,Rod Hgr,GT1P1{1},4,0,220,0,220,0.049,0,0.246,0.25,down,220,0,0
AI,AI29,,Rod Hgr,Gravity{1},4,0,167,0,167,0.012,0,0,0.012,down,167,0,0
AI,AI29,,Rod Hgr,COLD,4,0,167,0,167,0.012,0,0,0.012,down,167,0,0
AI,AI29,,Rod Hgr,Thermal 1{1},4,0,53,0,53,0.061,0,0.245,0.252,down,53,0,0
AI,AI29,,Rod Hgr,Pressure 1{1},4,0,0,0,0,0,0,0.001,0.001,down,0,0,0
AI,AI31,,Rod Hgr,Gravity{1},4,0,94,0,94,0.004,0,0.001,0.004,down,94,0,0
AI,AI31,,Rod Hgr,COLD,4,0,94,0,94,0.004,0,0.001,0.004,down,94,0,0
AI,AI31,,Rod Hgr,Thermal 1{1},4,0,73,0,73,0.086,0,0.054,0.101,up,73,0,0
AI,AI31,,Rod Hgr,OPERATING,4,0,21,0,21,0.09,0,0.053,0.104,down,21,0,0
AI,AI31,,Rod Hgr,GT1P1{1},4,0,21,0,21,0.09,0,0.053,0.104,down,21,0,0
AI,AI31,,Rod Hgr,GT1{1},4,0,21,0,21,0.089,0,0.053,0.104,down,21,0,0
AI,AI31,,Rod Hgr,Pressure 1{1},4,0,0,0,0,0,0,0,0,up,0,0,0
AI,AI32,,Rod Hgr,COLD,4,0,177,0,177,0.003,0,0.002,0.003,down,177,0,0
AI,AI32,,Rod Hgr,Gravity{1},4,0,177,0,177,0.003,0,0.002,0.003,down,177,0,0
AI,AI32,,Rod Hgr,OPERATING,4,0,159,0,159,0.169,0,0.035,0.173,down,159,0,0
AI,AI32,,Rod Hgr,GT1P1{1},4,0,159,0,159,0.169,0,0.035,0.173,down,159,0,0
AI,AI32,,Rod Hgr,GT1{1},4,0,159,0,159,0.168,0,0.035,0.172,down,159,0,0
AI,AI32,,Rod Hgr,Thermal 1{1},4,0,18,0,18,0.165,0,0.037,0.169,up,18,0,0
AI,AI32,,Rod Hgr,Pressure 1{1},4,0,0,0,0,0.001,0,0,0.001,up,0,0,0
AI,AI33,,Rod Hgr,COLD,4,0,60,0,60,0.003,0,0.001,0.004,down,60,0,0
AI,AI33,,Rod Hgr,Gravity{1},4,0,60,0,60,0.003,0,0.001,0.004,down,60,0,0
AI,AI33,,Rod Hgr,OPERATING,4,0,53,0,53,0.121,0,0.034,0.125,down,53,0,0
AI,AI33,,Rod Hgr,GT1P1{1},4,0,53,0,53,0.121,0,0.034,0.125,down,53,0,0
AI,AI33,,Rod Hgr,GT1{1},4,0,53,0,53,0.12,0,0.034,0.125,down,53,0,0
AI,AI33,,Rod Hgr,Thermal 1{1},4,0,7,0,7,0.117,0,0.035,0.122,up,7,0,0
AI,AI33,,Rod Hgr,Pressure 1{1},4,0,0,0,0,0,0,0,0,up,0,0,0
AI,AI34,,Rod Hgr,OPERATING,4,0,264,0,264,0.27,0,0.148,0.308,down,264,0,0
AI,AI34,,Rod Hgr,GT1P1{1},4,0,264,0,264,0.27,0,0.148,0.308,down,264,0,0
AI,AI34,,Rod Hgr,GT1{1},4,0,264,0,264,0.269,0,0.147,0.307,down,264,0,0
AI,AI34,,Rod Hgr,COLD,4,0,247,0,247,0.003,0,0.003,0.004,down,247,0,0
AI,AI34,,Rod Hgr,Gravity{1},4,0,247,0,247,0.003,0,0.003,0.004,down,247,0,0
AI,AI34,,Rod Hgr,Thermal 1{1},4,0,16,0,16,0.266,0,0.151,0.306,down,16,0,0
AI,AI34,,Rod Hgr,Pressure 1{1},4,0,0,0,0,0.001,0,0.001,0.001,down,0,0,0
AI,AI35,,Rod Hgr,COLD,4,0,133,0,133,0.003,0,0.006,0.007,down,133,0,0
AI,AI35,,Rod Hgr,Gravity{1},4,0,133,0,133,0.003,0,0.006,0.007,down,133,0,0
AI,AI35,,Rod Hgr,GT1P1{1},4,0,113,0,113,0.372,0,0.185,0.415,down,113,0,0
AI,AI35,,Rod Hgr,GT1{1},4,0,113,0,113,0.37,0,0.184,0.413,down,113,0,0
AI,AI35,,Rod Hgr,OPERATING,4,0,113,0,113,0.372,0,0.185,0.415,down,113,0,0
AI,AI35,,Rod Hgr,Thermal 1{1},4,0,20,0,20,0.367,0,0.19,0.413,up,20,0,0
AI,AI35,,Rod Hgr,Pressure 1{1},4,0,0,0,0,0.002,0,0.001,0.002,up,0,0,0
AI,AI36,,Rod Hgr,OPERATING,4,0,173,0,173,0.33,0,0.139,0.358,down,173,0,0
AI,AI36,,Rod Hgr,GT1P1{1},4,0,173,0,173,0.33,0,0.139,0.358,down,173,0,0
AI,AI36,,Rod Hgr,GT1{1},4,0,172,0,172,0.329,0,0.139,0.357,down,172,0,0
AI,AI36,,Rod Hgr,COLD,4,0,147,0,147,0.006,0,0.005,0.008,down,147,0,0
AI,AI36,,Rod Hgr,Gravity{1},4,0,147,0,147,0.006,0,0.005,0.008,down,147,0,0
AI,AI36,,Rod Hgr,Thermal 1{1},4,0,26,0,26,0.323,0,0.144,0.353,down,26,0,0
AI,AI36,,Rod Hgr,Pressure 1{1},4,0,0,0,0,0.001,0,0.001,0.002,down,0,0,0
AI,AI37,,Rod Hgr,COLD,4,0,203,0,203,0,0,0.005,0.005,down,203,0,0
AI,AI37,,Rod Hgr,Gravity{1},4,0,203,0,203,0,0,0.005,0.005,down,203,0,0
AI,AI37,,Rod Hgr,GT1{1},4,0,192,0,192,0.131,0,0.052,0.141,down,192,0,0
AI,AI37,,Rod Hgr,GT1P1{1},4,0,192,0,192,0.132,0,0.052,0.142,down,192,0,0
AI,AI37,,Rod Hgr,OPERATING,4,0,192,0,192,0.132,0,0.052,0.142,down,192,0,0
AI,AI37,,Rod Hgr,Thermal 1{1},4,0,11,0,11,0.132,0,0.057,0.143,up,11,0,0
AI,AI37,,Rod Hgr,Pressure 1{1},4,0,0,0,0,0.001,0,0,0.001,up,0,0,0
AI,AI38,,Rod Hgr,GT1P1{1},4,0,166,0,166,0.094,0,0.035,0.1,down,166,0,0
AI,AI38,,Rod Hgr,OPERATING,4,0,166,0,166,0.094,0,0.035,0.1,down,166,0,0
AI,AI38,,Rod Hgr,GT1{1},4,0,166,0,166,0.093,0,0.035,0.099,down,166,0,0
AI,AI38,,Rod Hgr,COLD,4,0,164,0,164,0.006,0,0.005,0.008,down,164,0,0
AI,AI38,,Rod Hgr,Gravity{1},4,0,164,0,164,0.006,0,0.005,0.008,down,164,0,0
AI,AI38,,Rod Hgr,Thermal 1{1},4,0,1,0,1,0.087,0,0.03,0.092,down,1,0,0
AI,AI38,,Rod Hgr,Pressure 1{1},4,0,0,0,0,0,0,0,0.001,down,0,0,0
AI,AI39,,Rod Hgr,COLD,4,0,234,0,234,0.011,0,0.005,0.012,down,234,0,0
AI,AI39,,Rod Hgr,OPERATING,4,0,234,0,234,0.268,0,0.122,0.294,down,234,0,0
AI,AI39,,Rod Hgr,GT1P1{1},4,0,234,0,234,0.268,0,0.122,0.294,down,234,0,0
AI,AI39,,Rod Hgr,GT1{1},4,0,234,0,234,0.267,0,0.121,0.293,down,234,0,0
AI,AI39,,Rod Hgr,Gravity{1},4,0,234,0,234,0.011,0,0.005,0.012,down,234,0,0
AI,AI39,,Rod Hgr,Pressure 1{1},4,0,0,0,0,0.001,0,0.001,0.001,up,0,0,0
AI,AI39,,Rod Hgr,Thermal 1{1},4,0,0,0,0,0.255,0,0.117,0.281,up,0,0,0
AI,AI40,,Rod Hgr,GT1{1},4,0,215,0,215,0.214,0,0.118,0.244,down,215,0,0
AI,AI40,,Rod Hgr,GT1P1{1},4,0,215,0,215,0.215,0,0.118,0.246,down,215,0,0
AI,AI40,,Rod Hgr,OPERATING,4,0,215,0,215,0.215,0,0.118,0.246,down,215,0,0
AI,AI40,,Rod Hgr,COLD,4,0,214,0,214,0.012,0,0.006,0.014,down,214,0,0
AI,AI40,,Rod Hgr,Gravity{1},4,0,214,0,214,0.012,0,0.006,0.014,down,214,0,0
AI,AI40,,Rod Hgr,Thermal 1{1},4,0,1,0,1,0.202,0,0.112,0.231,down,1,0,0
AI,AI40,,Rod Hgr,Pressure 1{1},4,0,0,0,0,0.001,0,0.001,0.001,down,0,0,0
AI,AI41,,Rod Hgr,GT1P1{1},4,0,166,0,166,0.13,0,0,0.13,down,166,0,0
AI,AI41,,Rod Hgr,GT1{1},4,0,166,0,166,0.129,0,0,0.129,down,166,0,0
AI,AI41,,Rod Hgr,OPERATING,4,0,166,0,166,0.13,0,0,0.13,down,166,0,0
AI,AI41,,Rod Hgr,Gravity{1},4,0,164,0,164,0.012,0,0.005,0.013,down,164,0,0
AI,AI41,,Rod Hgr,COLD,4,0,164,0,164,0.012,0,0.005,0.013,down,164,0,0
AI,AI41,,Rod Hgr,Thermal 1{1},4,0,1,0,1,0.117,0,0.005,0.117,down,1,0,0
AI,AI41,,Rod Hgr,Pressure 1{1},4,0,0,0,0,0.001,0,0,0.001,down,0,0,0
AI,AI42,,Rod Hgr,Gravity{1},4,0,217,0,217,0.012,0,0.003,0.013,down,217,0,0
AI,AI42,,Rod Hgr,COLD,4,0,217,0,217,0.012,0,0.003,0.013,down,217,0,0
AI,AI42,,Rod Hgr,OPERATING,4,0,213,0,213,0.045,0,0.144,0.151,down,213,0,0
AI,AI42,,Rod Hgr,GT1{1},4,0,213,0,213,0.044,0,0.143,0.15,down,213,0,0
AI,AI42,,Rod Hgr,GT1P1{1},4,0,213,0,213,0.045,0,0.144,0.151,down,213,0,0
AI,AI42,,Rod Hgr,Thermal 1{1},4,0,4,0,4,0.032,0,0.146,0.15,up,4,0,0
AI,AI42,,Rod Hgr,Pressure 1{1},4,0,0,0,0,0,0,0.001,0.001,up,0,0,0
AI,AI43,,Rod Hgr,COLD,4,0,229,0,229,0.01,0,0,0.01,down,229,0,0
AI,AI43,,Rod Hgr,Gravity{1},4,0,229,0,229,0.01,0,0,0.01,down,229,0,0
AI,AI43,,Rod Hgr,Thermal 1{1},4,0,219,0,219,0.04,0,0.16,0.165,up,219,0,0
AI,AI43,,Rod Hgr,GT1{1},4,0,10,0,10,0.029,0,0.16,0.162,down,10,0,0
AI,AI43,,Rod Hgr,GT1P1{1},4,0,9,0,9,0.03,0,0.16,0.163,down,9,0,0
AI,AI43,,Rod Hgr,OPERATING,4,0,9,0,9,0.03,0,0.16,0.163,down,9,0,0
AI,AI43,,Rod Hgr,Pressure 1{1},4,0,1,0,1,0,0,0.001,0.001,up,1,0,0
AI,AI46,,Shoe,Gravity{1},4,0,264,0,264,0.001,0,0.001,0.001,down,264,0,0
AI,AI46,,Shoe,COLD,4,0,264,0,264,0.001,0,0.001,0.001,down,264,0,0
AI,AI46,,Shoe,Thermal 1{1},4,0,142,0,142,0.01,0,0.02,0.022,up,142,0,0
AI,AI46,,Shoe,GT1{1},4,0,122,0,122,0.009,0,0.021,0.023,down,122,0,0
AI,AI46,,Shoe,GT1P1{1},4,0,121,0,121,0.009,0,0.021,0.023,down,121,0,0
AI,AI46,,Shoe,OPERATING,4,0,121,0,121,0.009,0,0.021,0.023,down,121,0,0
AI,AI46,,Shoe,Pressure 1{1},4,0,1,0,1,0,0,0,0,up,1,0,0
AI,AI47,,Shoe,GT1P1{1},4,0,1902,0,1902,0.049,0,0.047,0.067,down,1902,0,0
AI,AI47,,Shoe,OPERATING,4,0,1902,0,1902,0.049,0,0.047,0.067,down,1902,0,0
AI,AI47,,Shoe,GT1{1},4,0,1892,0,1892,0.048,0,0.046,0.067,down,1892,0,0
AI,AI47,,Shoe,Thermal 1{1},4,0,1830,0,1830,0.049,0,0.046,0.067,down,1830,0,0
AI,AI47,,Shoe,Gravity{1},4,0,62,0,62,0.001,0,0.001,0.001,down,62,0,0
AI,AI47,,Shoe,COLD,4,0,62,0,62,0.001,0,0.001,0.001,down,62,0,0
AI,AI47,,Shoe,Pressure 1{1},4,0,11,0,11,0,0,0,0,down,11,0,0
AI,AI48,,Shoe,GT1P1{1},4,0,426,0,426,0.003,0,0.043,0.043,down,426,0,0
AI,AI48,,Shoe,OPERATING,4,0,426,0,426,0.003,0,0.043,0.043,down,426,0,0
AI,AI48,,Shoe,GT1{1},4,0,425,0,425,0.003,0,0.043,0.043,down,425,0,0
AI,AI48,,Shoe,COLD,4,0,296,0,296,0.003,0,0,0.003,down,296,0,0
AI,AI48,,Shoe,Gravity{1},4,0,296,0,296,0.003,0,0,0.003,down,296,0,0
AI,AI48,,Shoe,Thermal 1{1},4,0,129,0,129,0.001,0,0.043,0.043,down,129,0,0
AI,AI48,,Shoe,Pressure 1{1},4,0,1,0,1,0,0,0,0,down,1,0,0
AK,AK05N,,Rod Hgr,GT1P1{1},6,0,960,0,960,0.062,0,0.008,0.062,down,960,0,0
AK,AK05N,,Rod Hgr,OPERATING,6,0,960,0,960,0.062,0,0.008,0.062,down,960,0,0
AK,AK05N,,Rod Hgr,GT1{1},6,0,956,0,956,0.061,0,0.008,0.062,down,956,0,0
AK,AK05N,,Rod Hgr,Thermal 1{1},6,0,811,0,811,0.061,0,0.007,0.062,down,811,0,0
AK,AK05N,,Rod Hgr,COLD,6,0,144,0,144,0,0,0,0,down,144,0,0
AK,AK05N,,Rod Hgr,Gravity{1},6,0,144,0,144,0,0,0,0,down,144,0,0
AK,AK05N,,Rod Hgr,Pressure 1{1},6,0,5,0,5,0,0,0,0,down,5,0,0
AK,AK14,,Rod Hgr,Thermal 1{1},6,0,8743,0,8743,0.019,0,0.015,0.024,up,8743,0,0
AK,AK14,,Rod Hgr,GT1P1{1},6,0,8457,0,8457,0.019,0,0.015,0.024,up,8457,0,0
AK,AK14,,Rod Hgr,OPERATING,6,0,8457,0,8457,0.019,0,0.015,0.024,up,8457,0,0
AK,AK14,,Rod Hgr,GT1{1},6,0,8403,0,8403,0.019,0,0.015,0.024,up,8403,0,0
AK,AK14,,Rod Hgr,Gravity{1},6,0,340,0,340,0,0,0,0,down,340,0,0
AK,AK14,,Rod Hgr,COLD,6,0,340,0,340,0,0,0,0,down,340,0,0
AK,AK14,,Rod Hgr,Pressure 1{1},6,0,54,0,54,0,0,0,0,up,54,0,0
AK,AK15,,Rod Hgr,OPERATING,6,0,446,0,446,0.026,0,0.014,0.029,down,446,0,0
AK,AK15,,Rod Hgr,GT1P1{1},6,0,446,0,446,0.026,0,0.014,0.029,down,446,0,0
AK,AK15,,Rod Hgr,GT1{1},6,0,444,0,444,0.025,0,0.014,0.029,down,444,0,0
AK,AK15,,Rod Hgr,Thermal 1{1},6,0,292,0,292,0.025,0,0.014,0.029,down,292,0,0
AK,AK15,,Rod Hgr,COLD,6,0,152,0,152,0,0,0,0,down,152,0,0
AK,AK15,,Rod Hgr,Gravity{1},6,0,152,0,152,0,0,0,0,down,152,0,0
AK,AK15,,Rod Hgr,Pressure 1{1},6,0,2,0,2,0,0,0,0,down,2,0,0
E,E26,,Rod Hgr,GT1P1{1},4,0,250,0,250,0.062,0,0.063,0.089,down,250,0,0
E,E26,,Rod Hgr,OPERATING,4,0,250,0,250,0.062,0,0.063,0.089,down,250,0,0
E,E26,,Rod Hgr,GT1{1},4,0,250,0,250,0.062,0,0.063,0.088,down,250,0,0
E,E26,,Rod Hgr,Gravity{1},4,0,183,0,183,0,0,0,0,down,183,0,0
E,E26,,Rod Hgr,COLD,4,0,183,0,183,0,0,0,0,down,183,0,0
E,E26,,Rod Hgr,Thermal 1{1},4,0,66,0,66,0.062,0,0.063,0.089,down,66,0,0
E,E26,,Rod Hgr,Pressure 1{1},4,0,0,0,0,0,0,0,0,down,0,0,0
E,E27,,Rod Hgr,Gravity{1},6,0,319,0,319,0,0,0,0,down,319,0,0
E,E27,,Rod Hgr,COLD,6,0,319,0,319,0,0,0,0,down,319,0,0
E,E27,,Rod Hgr,Thermal 1{1},6,0,215,0,215,0.066,0,0.008,0.066,up,215,0,0
E,E27,,Rod Hgr,GT1{1},6,0,104,0,104,0.066,0,0.008,0.066,down,104,0,0
E,E27,,Rod Hgr,GT1P1{1},6,0,102,0,102,0.066,0,0.008,0.067,down,102,0,0
E,E27,,Rod Hgr,OPERATING,6,0,102,0,102,0.066,0,0.008,0.067,down,102,0,0
E,E27,,Rod Hgr,Pressure 1{1},6,0,1,0,1,0,0,0,0,up,1,0,0
E,E28,,Rod Hgr,GT1P1{1},6,0,761,0,761,0.038,0,0.047,0.061,down,761,0,0
E,E28,,Rod Hgr,OPERATING,6,0,761,0,761,0.038,0,0.047,0.061,down,761,0,0
E,E28,,Rod Hgr,GT1{1},6,0,759,0,759,0.038,0,0.047,0.061,down,759,0,0
E,E28,,Rod Hgr,Thermal 1{1},6,0,464,0,464,0.039,0,0.047,0.061,down,464,0,0
E,E28,,Rod Hgr,Gravity{1},6,0,295,0,295,0,0,0,0,down,295,0,0
E,E28,,Rod Hgr,COLD,6,0,295,0,295,0,0,0,0,down,295,0,0
E,E28,,Rod Hgr,Pressure 1{1},6,0,2,0,2,0,0,0,0,down,2,0,0
E,E30,,Rod Hgr,Thermal 1{1},6,0,481,0,481,0.001,0,0.093,0.093,up,481,0,0
E,E30,,Rod Hgr,Gravity{1},6,0,259,0,259,0.001,0,0.001,0.001,down,259,0,0
E,E30,,Rod Hgr,COLD,6,0,259,0,259,0.001,0,0.001,0.001,down,259,0,0
E,E30,,Rod Hgr,OPERATING,6,0,225,0,225,0.003,0,0.094,0.094,up,225,0,0
E,E30,,Rod Hgr,GT1P1{1},6,0,225,0,225,0.003,0,0.094,0.094,up,225,0,0
E,E30,,Rod Hgr,GT1{1},6,0,222,0,222,0.002,0,0.093,0.093,up,222,0,0
E,E30,,Rod Hgr,Pressure 1{1},6,0,3,0,3,0,0,0.001,0.001,up,3,0,0
E,E31,,Rod Hgr,Thermal 1{1},4,0,377,0,377,0.008,0.011,0.014,0.019,up,377,0.011,10
E,E31,,Rod Hgr,COLD,4,0,377,0,377,0,0,0,0,down,377,0,0
E,E31,,Rod Hgr,Gravity{1},4,0,377,0,377,0,0,0,0,down,377,0,0
E,E31,,Rod Hgr,Pressure 1{1},4,0,0,0,0,0,0,0,0,up,0,0,10
E,E31,,Rod Hgr,GT1{1},4,0,0,0,0,0.008,0.011,0.014,0.019,up,0,0.011,10
E,E31,,Rod Hgr,GT1P1{1},4,0,0,0,0,0.008,0.011,0.014,0.019,up,0,0.011,10
E,E31,,Rod Hgr,OPERATING,4,0,0,0,0,0.008,0.011,0.014,0.019,up,0,0.011,10
I,I01,,Rod Hgr,GT1{1},12,0,2080,0,2080,0.255,0,0.775,0.816,down,2080,0,0
I,I01,,Rod Hgr,OPERATING,12,0,2079,0,2079,0.257,0,0.781,0.823,down,2079,0,0
I,I01,,Rod Hgr,GT1P1{1},12,0,2079,0,2079,0.257,0,0.781,0.823,down,2079,0,0
I,I01,,Rod Hgr,Gravity{1},12,0,1957,0,1957,0,0,0.003,0.003,down,1957,0,0
I,I01,,Rod Hgr,COLD,12,0,1957,0,1957,0,0,0.003,0.003,down,1957,0,0
I,I01,,Rod Hgr,Thermal 1{1},12,0,123,0,123,0.255,0,0.772,0.813,down,123,0,0
I,I01,,Rod Hgr,Pressure 1{1},12,0,1,0,1,0.002,0,0.007,0.007,up,1,0,100
I,I03,,Rod Hgr,OPERATING,12,0,2413,0,2413,0.332,0,0.619,0.702,down,2413,0,0
I,I03,,Rod Hgr,GT1P1{1},12,0,2413,0,2413,0.332,0,0.619,0.702,down,2413,0,0
I,I03,,Rod Hgr,GT1{1},12,0,2407,0,2407,0.329,0,0.614,0.696,down,2407,0,0
I,I03,,Rod Hgr,Gravity{1},12,0,2154,0,2154,0.001,0,0.003,0.003,down,2154,0,0
I,I03,,Rod Hgr,COLD,12,0,2154,0,2154,0.001,0,0.003,0.003,down,2154,0,0
I,I03,,Rod Hgr,Thermal 1{1},12,0,254,0,254,0.328,0,0.611,0.693,down,254,0,0
I,I03,,Rod Hgr,Pressure 1{1},12,0,6,0,6,0.003,0,0.005,0.006,down,6,0,0
I,I05,,Rod Hgr,Gravity{1},12,0,1692,0,1692,0.001,0,0.003,0.003,down,1692,0,0
I,I05,,Rod Hgr,COLD,12,0,1692,0,1692,0.001,0,0.003,0.003,down,1692,0,0
I,I05,,Rod Hgr,GT1{1},12,0,1616,0,1616,0.216,0,0.468,0.515,down,1616,0,0
I,I05,,Rod Hgr,OPERATING,12,0,1604,0,1604,0.218,0,0.472,0.52,down,1604,0,0
I,I05,,Rod Hgr,GT1P1{1},12,0,1604,0,1604,0.218,0,0.472,0.52,down,1604,0,0
I,I05,,Rod Hgr,Thermal 1{1},12,0,76,0,76,0.215,0,0.465,0.513,up,76,0,100
I,I05,,Rod Hgr,Pressure 1{1},12,0,12,0,12,0.002,0,0.004,0.004,up,12,0,100
I,I15,,Rod Hgr,OPERATING,12,0,18807,0,18807,0.006,0,0.214,0.214,down,18807,0,0
I,I15,,Rod Hgr,GT1P1{1},12,0,18807,0,18807,0.006,0,0.214,0.214,down,18807,0,0
I,I15,,Rod Hgr,GT1{1},12,0,18698,0,18698,0.006,0,0.212,0.212,down,18698,0,0
I,I15,,Rod Hgr,Thermal 1{1},12,0,16971,0,16971,0.006,0,0.209,0.209,down,16971,0,0
I,I15,,Rod Hgr,Gravity{1},12,0,1727,0,1727,0,0,0.003,0.003,down,1727,0,0
I,I15,,Rod Hgr,COLD,12,0,1727,0,1727,0,0,0.003,0.003,down,1727,0,0
I,I15,,Rod Hgr,Pressure 1{1},12,0,110,0,110,0,0,0.002,0.002,down,110,0,0
I,I16,,Rod Hgr,Thermal 1{1},12,0,2253,0,2253,0.086,0.128,0.339,0.372,up,2253,0.128,100
I,I16,,Rod Hgr,Gravity{1},12,0,2253,0,2253,0.001,0,0.003,0.003,down,2253,0,0
I,I16,,Rod Hgr,COLD,12,0,2253,0,2253,0.001,0,0.003,0.003,down,2253,0,0
I,I16,,Rod Hgr,OPERATING,12,0,0,0,0,0.088,0.129,0.344,0.378,up,0,0.129,100
I,I16,,Rod Hgr,Pressure 1{1},12,0,0,0,0,0.001,0.002,0.003,0.003,up,0,0.002,100
I,I16,,Rod Hgr,GT1{1},12,0,0,0,0,0.087,0.128,0.341,0.375,up,0,0.128,100
I,I16,,Rod Hgr,GT1P1{1},12,0,0,0,0,0.088,0.129,0.344,0.378,up,0,0.129,100
I,I17,,Guide,Gravity{1},12,0,0,18,18,0,0,0,0,down,18,0,0
I,I17,,Guide,OPERATING,12,52,0,537,540,0,0.093,0,0.093,up,537,0,0
I,I17,,Guide,COLD,12,0,0,18,18,0,0,0,0,down,18,0,0
I,I17,,Guide,GT1P1{1},12,52,0,537,540,0,0.093,0,0.093,up,537,0,0
I,I17,,Guide,GT1{1},12,52,0,532,534,0,0.092,0,0.092,up,532,0,0
I,I17,,Guide,Pressure 1{1},12,0,0,5,5,0,0.001,0,0.001,up,5,0,0
I,I17,,Guide,Thermal 1{1},12,52,0,550,552,0,0.092,0,0.092,up,550,0,0
J,J03,,Rod Hgr,Gravity{1},6,0,321,0,321,0,0,0.003,0.003,down,321,0,0
J,J03,,Rod Hgr,COLD,6,0,321,0,321,0,0,0.003,0.003,down,321,0,0
J,J03,,Rod Hgr,Thermal 1{1},6,0,226,0,226,0.314,0,0.718,0.784,up,226,0,100
J,J03,,Rod Hgr,GT1{1},6,0,95,0,95,0.314,0,0.721,0.787,down,95,0,0
J,J03,,Rod Hgr,GT1P1{1},6,0,93,0,93,0.317,0,0.728,0.793,down,93,0,0
J,J03,,Rod Hgr,OPERATING,6,0,93,0,93,0.317,0,0.728,0.793,down,93,0,0
J,J03,,Rod Hgr,Pressure 1{1},6,0,1,0,1,0.002,0,0.006,0.007,up,1,0,100
J,J20,,Rod Hgr,GT1{1},6,0,276,0,276,0.018,0,0.611,0.611,down,276,0,0
J,J20,,Rod Hgr,GT1P1{1},6,0,275,0,275,0.018,0,0.616,0.617,down,275,0,0
J,J20,,Rod Hgr,OPERATING,6,0,275,0,275,0.018,0,0.616,0.617,down,275,0,0
J,J20,,Rod Hgr,COLD,6,0,201,0,201,0,0,0.003,0.003,down,201,0,0
J,J20,,Rod Hgr,Gravity{1},6,0,201,0,201,0,0,0.003,0.003,down,201,0,0
J,J20,,Rod Hgr,Thermal 1{1},6,0,75,0,75,0.018,0,0.608,0.608,down,75,0,0
J,J20,,Rod Hgr,Pressure 1{1},6,0,1,0,1,0,0,0.005,0.005,up,1,0,100
J,J21,,Rod Hgr,OPERATING,6,0,705,0,705,0.136,0,0.353,0.378,down,705,0,0
J,J21,,Rod Hgr,GT1P1{1},6,0,705,0,705,0.136,0,0.353,0.378,down,705,0,0
J,J21,,Rod Hgr,GT1{1},6,0,701,0,701,0.135,0,0.349,0.375,down,701,0,0
J,J21,,Rod Hgr,Thermal 1{1},6,0,357,0,357,0.134,0,0.347,0.372,down,357,0,0
J,J21,,Rod Hgr,COLD,6,0,343,0,343,0.001,0,0.002,0.002,down,343,0,0
J,J21,,Rod Hgr,Gravity{1},6,0,343,0,343,0.001,0,0.002,0.002,down,343,0,0
J,J21,,Rod Hgr,Pressure 1{1},6,0,4,0,4,0.001,0,0.003,0.003,down,4,0,0
J,J22,,Rod Hgr,COLD,6,0,301,0,301,0,0,0,0,down,301,0,0
J,J22,,Rod Hgr,Gravity{1},6,0,301,0,301,0,0,0,0,down,301,0,0
J,J22,,Rod Hgr,Thermal 1{1},6,0,152,0,152,0.049,0,0.006,0.049,up,152,0,0
J,J22,,Rod Hgr,GT1{1},6,0,149,0,149,0.049,0,0.006,0.049,down,149,0,0
J,J22,,Rod Hgr,OPERATING,6,0,148,0,148,0.049,0,0.006,0.05,down,148,0,0
J,J22,,Rod Hgr,GT1P1{1},6,0,148,0,148,0.049,0,0.006,0.05,down,148,0,0
J,J22,,Rod Hgr,Pressure 1{1},6,0,1,0,1,0,0,0,0,up,1,0,0
J,J23,,Rod Hgr,OPERATING,4,0,642,0,642,0.06,0,0.083,0.103,down,642,0,0
J,J23,,Rod Hgr,GT1P1{1},4,0,642,0,642,0.06,0,0.083,0.103,down,642,0,0
J,J23,,Rod Hgr,GT1{1},4,0,639,0,639,0.06,0,0.082,0.102,down,639,0,0
J,J23,,Rod Hgr,Thermal 1{1},4,0,523,0,523,0.06,0,0.083,0.102,down,523,0,0
J,J23,,Rod Hgr,Gravity{1},4,0,116,0,116,0,0,0,0,down,116,0,0
J,J23,,Rod Hgr,COLD,4,0,116,0,116,0,0,0,0,down,116,0,0
J,J23,,Rod Hgr,Pressure 1{1},4,0,3,0,3,0,0,0.001,0.001,down,3,0,0
J,J24,,Rod Hgr,Thermal 1{1},4,0,2065,0,2065,0.029,0,0.025,0.038,up,2065,0,0
J,J24,,Rod Hgr,OPERATING,4,0,1981,0,1981,0.029,0,0.025,0.038,up,1981,0,0
J,J24,,Rod Hgr,GT1P1{1},4,0,1981,0,1981,0.029,0,0.025,0.038,up,1981,0,0
J,J24,,Rod Hgr,GT1{1},4,0,1970,0,1970,0.029,0,0.025,0.038,up,1970,0,0
J,J24,,Rod Hgr,Gravity{1},4,0,94,0,94,0,0,0,0,down,94,0,0
J,J24,,Rod Hgr,COLD,4,0,94,0,94,0,0,0,0,down,94,0,0
J,J24,,Rod Hgr,Pressure 1{1},4,0,11,0,11,0,0,0,0,up,11,0,0
J,J25,,Rod Hgr,Thermal 1{1},6,0,449,0,449,0.043,0,0.036,0.056,up,449,0,0
J,J25,,Rod Hgr,OPERATING,6,0,298,0,298,0.043,0,0.036,0.056,up,298,0,0
J,J25,,Rod Hgr,GT1P1{1},6,0,298,0,298,0.043,0,0.036,0.056,up,298,0,0
J,J25,,Rod Hgr,GT1{1},6,0,295,0,295,0.043,0,0.036,0.056,up,295,0,0
J,J25,,Rod Hgr,COLD,6,0,154,0,154,0,0,0,0,down,154,0,0
J,J25,,Rod Hgr,Gravity{1},6,0,154,0,154,0,0,0,0,down,154,0,0
J,J25,,Rod Hgr,Pressure 1{1},6,0,3,0,3,0,0,0,0,up,3,0,0
K,K11,,Rod Hgr,Thermal 1{1},4,0,359,0,359,0.014,0.008,0.008,0.018,up,359,0.008,10
K,K11,,Rod Hgr,Gravity{1},4,0,359,0,359,0,0,0,0,down,359,0,0
K,K11,,Rod Hgr,COLD,4,0,359,0,359,0,0,0,0,down,359,0,0
K,K11,,Rod Hgr,OPERATING,4,0,0,0,0,0.014,0.008,0.008,0.018,up,0,0.008,10
K,K11,,Rod Hgr,GT1P1{1},4,0,0,0,0,0.014,0.008,0.008,0.018,up,0,0.008,10
K,K11,,Rod Hgr,GT1{1},4,0,0,0,0,0.014,0.008,0.008,0.018,up,0,0.008,10
K,K11,,Rod Hgr,Pressure 1{1},4,0,0,0,0,0,0,0,0,up,0,0,10
L,L11,,Rod Hgr,Thermal 1{1},4,0,339,0,339,0,0.014,0.004,0.015,up,339,0.014,10
L,L11,,Rod Hgr,Gravity{1},4,0,339,0,339,0,0,0,0,down,339,0,0
L,L11,,Rod Hgr,COLD,4,0,339,0,339,0,0,0,0,down,339,0,0
L,L11,,Rod Hgr,OPERATING,4,0,0,0,0,0,0.014,0.004,0.015,up,0,0.014,10
L,L11,,Rod Hgr,GT1P1{1},4,0,0,0,0,0,0.014,0.004,0.015,up,0,0.014,10
L,L11,,Rod Hgr,GT1{1},4,0,0,0,0,0,0.014,0.004,0.015,up,0,0.014,10
L,L11,,Rod Hgr,Pressure 1{1},4,0,0,0,0,0,0,0,0,up,0,0,10
M,M05,,Rod Hgr,Thermal 1{1},4,0,67,0,67,0.012,0.017,0.015,0.026,up,67,0.017,10
M,M05,,Rod Hgr,COLD,4,0,67,0,67,0,0,0,0,down,67,0,0
M,M05,,Rod Hgr,Gravity{1},4,0,67,0,67,0,0,0,0,down,67,0,0
M,M05,,Rod Hgr,OPERATING,4,0,0,0,0,0.012,0.017,0.015,0.026,up,0,0.017,10
M,M05,,Rod Hgr,GT1P1{1},4,0,0,0,0,0.012,0.017,0.015,0.026,up,0,0.017,10
M,M05,,Rod Hgr,GT1{1},4,0,0,0,0,0.012,0.017,0.015,0.026,up,0,0.017,10
M,M05,,Rod Hgr,Pressure 1{1},4,0,0,0,0,0,0,0,0,up,0,0,10
N,N05,,Rod Hgr,Thermal 1{1},4,0,51,0,51,0.021,0.013,0.016,0.029,up,51,0.013,10
N,N05,,Rod Hgr,Gravity{1},4,0,51,0,51,0,0,0,0,down,51,0,0
N,N05,,Rod Hgr,COLD,4,0,51,0,51,0,0,0,0,down,51,0,0
N,N05,,Rod Hgr,GT1{1},4,0,0,0,0,0.021,0.013,0.016,0.03,up,0,0.013,10
N,N05,,Rod Hgr,Pressure 1{1},4,0,0,0,0,0,0,0,0,up,0,0,10
N,N05,,Rod Hgr,GT1P1{1},4,0,0,0,0,0.021,0.013,0.016,0.03,up,0,0.013,10
N,N05,,Rod Hgr,OPERATING,4,0,0,0,0,0.021,0.013,0.016,0.03,up,0,0.013,10
O,O17,,Rod Hgr,OPERATING,6,0,443,0,443,0.36,0,0.553,0.659,down,443,0,0
O,O17,,Rod Hgr,GT1P1{1},6,0,443,0,443,0.36,0,0.553,0.659,down,443,0,0
O,O17,,Rod Hgr,GT1{1},6,0,442,0,442,0.357,0,0.548,0.654,down,442,0,0
O,O17,,Rod Hgr,COLD,6,0,398,0,398,0.001,0,0,0.001,down,398,0,0
O,O17,,Rod Hgr,Gravity{1},6,0,398,0,398,0.001,0,0,0.001,down,398,0,0
O,O17,,Rod Hgr,Thermal 1{1},6,0,44,0,44,0.356,0,0.548,0.653,down,44,0,0
O,O17,,Rod Hgr,Pressure 1{1},6,0,1,0,1,0.003,0,0.005,0.005,down,1,0,0
O,O18,,Rod Hgr,Gravity{1},6,0,424,0,424,0.004,0,0.003,0.005,down,424,0,0
O,O18,,Rod Hgr,COLD,6,0,424,0,424,0.004,0,0.003,0.005,down,424,0,0
O,O18,,Rod Hgr,GT1{1},6,0,371,0,371,0.428,0,0.496,0.656,down,371,0,0
O,O18,,Rod Hgr,GT1P1{1},6,0,370,0,370,0.432,0,0.5,0.661,down,370,0,0
O,O18,,Rod Hgr,OPERATING,6,0,370,0,370,0.432,0,0.5,0.661,down,370,0,0
O,O18,,Rod Hgr,Thermal 1{1},6,0,54,0,54,0.432,0,0.499,0.66,up,54,0,0
O,O18,,Rod Hgr,Pressure 1{1},6,0,1,0,1,0.003,0,0.004,0.005,up,1,0,0
O,O19,,Rod Hgr,GT1P1{1},6,0,453,0,453,0.586,0,0.238,0.633,down,453,0,0
O,O19,,Rod Hgr,GT1{1},6,0,453,0,453,0.582,0,0.236,0.628,down,453,0,0
O,O19,,Rod Hgr,OPERATING,6,0,453,0,453,0.586,0,0.238,0.633,down,453,0,0
O,O19,,Rod Hgr,Gravity{1},6,0,372,0,372,0.004,0,0.008,0.008,down,372,0,0
O,O19,,Rod Hgr,COLD,6,0,372,0,372,0.004,0,0.008,0.008,down,372,0,0
O,O19,,Rod Hgr,Thermal 1{1},6,0,81,0,81,0.586,0,0.229,0.629,down,81,0,0
O,O19,,Rod Hgr,Pressure 1{1},6,0,0,0,0,0.004,0,0.001,0.005,down,0,0,0
O,O20,,Rod Hgr,COLD,6,0,284,0,284,0.004,0,0.002,0.004,down,284,0,0
O,O20,,Rod Hgr,Gravity{1},6,0,284,0,284,0.004,0,0.002,0.004,down,284,0,0
O,O20,,Rod Hgr,GT1P1{1},6,0,247,0,247,0.509,0,0.395,0.644,down,247,0,0
O,O20,,Rod Hgr,GT1{1},6,0,247,0,247,0.505,0,0.392,0.64,down,247,0,0
O,O20,,Rod Hgr,OPERATING,6,0,247,0,247,0.509,0,0.395,0.644,down,247,0,0
O,O20,,Rod Hgr,Thermal 1{1},6,0,37,0,37,0.509,0,0.39,0.641,up,37,0,0
O,O20,,Rod Hgr,Pressure 1{1},6,0,0,0,0,0.004,0,0.003,0.005,up,0,0,0
O,O21,,Rod Hgr,Gravity{1},6,0,565,0,565,0,0,0.01,0.01,down,565,0,0
O,O21,,Rod Hgr,COLD,6,0,565,0,565,0,0,0.01,0.01,down,565,0,0
O,O21,,Rod Hgr,GT1{1},6,0,412,0,412,0.241,0,0.102,0.261,down,412,0,0
O,O21,,Rod Hgr,OPERATING,6,0,412,0,412,0.243,0,0.102,0.263,down,412,0,0
O,O21,,Rod Hgr,GT1P1{1},6,0,412,0,412,0.243,0,0.102,0.263,down,412,0,0
O,O21,,Rod Hgr,Thermal 1{1},6,0,153,0,153,0.241,0,0.091,0.258,up,153,0,0
O,O21,,Rod Hgr,Pressure 1{1},6,0,1,0,1,0.002,0,0,0.002,up,1,0,0
P,P10,,Rod Hgr,Thermal 1{1},3,0,215,0,215,0.173,0,0.133,0.218,up,215,0,0
P,P10,,Rod Hgr,OPERATING,3,0,155,0,155,0.175,0,0.135,0.221,up,155,0,0
P,P10,,Rod Hgr,GT1P1{1},3,0,155,0,155,0.175,0,0.135,0.221,up,155,0,0
P,P10,,Rod Hgr,GT1{1},3,0,153,0,153,0.173,0,0.134,0.219,up,153,0,0
P,P10,,Rod Hgr,COLD,3,0,62,0,62,0.001,0,0.001,0.001,down,62,0,0
P,P10,,Rod Hgr,Gravity{1},3,0,62,0,62,0.001,0,0.001,0.001,down,62,0,0
P,P10,,Rod Hgr,Pressure 1{1},3,0,2,0,2,0.001,0,0.001,0.002,up,2,0,0
P,P11,,Rod Hgr,Thermal 1{1},3,0,48,0,48,0.175,0.081,0.161,0.251,up,48,0.081,100
P,P11,,Rod Hgr,COLD,3,0,48,0,48,0.001,0,0.001,0.001,down,48,0,0
P,P11,,Rod Hgr,Gravity{1},3,0,48,0,48,0.001,0,0.001,0.001,down,48,0,0
P,P11,,Rod Hgr,Pressure 1{1},3,0,0,0,0,0.001,0,0.001,0.002,up,0,0,100
P,P11,,Rod Hgr,OPERATING,3,0,0,0,0,0.177,0.081,0.163,0.254,up,0,0.081,100
P,P11,,Rod Hgr,GT1P1{1},3,0,0,0,0,0.177,0.081,0.163,0.254,up,0,0.081,100
P,P11,,Rod Hgr,GT1{1},3,0,0,0,0,0.175,0.081,0.162,0.252,up,0,0.081,100
Q,Q12,,Rod Hgr,Thermal 1{1},3,0,24,0,24,0,0.079,0.192,0.207,up,24,0.079,100
Q,Q12,,Rod Hgr,Gravity{1},3,0,24,0,24,0,0,0,0,down,24,0,0
Q,Q12,,Rod Hgr,COLD,3,0,24,0,24,0,0,0,0,down,24,0,0
Q,Q12,,Rod Hgr,OPERATING,3,0,0,0,0,0,0.08,0.192,0.208,up,0,0.08,100
Q,Q12,,Rod Hgr,GT1P1{1},3,0,0,0,0,0,0.08,0.192,0.208,up,0,0.08,100
Q,Q12,,Rod Hgr,GT1{1},3,0,0,0,0,0,0.079,0.191,0.207,up,0,0.079,100
Q,Q12,,Rod Hgr,Pressure 1{1},3,0,0,0,0,0,0,0.001,0.001,up,0,0,100
Q,Q13,,Rod Hgr,COLD,3,0,133,0,133,0,0,0,0,down,133,0,0
Q,Q13,,Rod Hgr,Gravity{1},3,0,133,0,133,0,0,0,0,down,133,0,0
Q,Q13,,Rod Hgr,OPERATING,3,0,85,0,85,0,0,0.076,0.076,down,85,0,0
Q,Q13,,Rod Hgr,GT1{1},3,0,85,0,85,0,0,0.075,0.075,down,85,0,0
Q,Q13,,Rod Hgr,GT1P1{1},3,0,85,0,85,0,0,0.076,0.076,down,85,0,0
Q,Q13,,Rod Hgr,Thermal 1{1},3,0,48,0,48,0,0,0.076,0.076,up,48,0,0
Q,Q13,,Rod Hgr,Pressure 1{1},3,0,0,0,0,0,0,0,0,up,0,0,0
Q,Q14,,Rod Hgr,GT1P1{1},3,0,117,0,117,0,0,0.009,0.009,down,117,0,0
Q,Q14,,Rod Hgr,GT1{1},3,0,117,0,117,0,0,0.009,0.009,down,117,0,0
Q,Q14,,Rod Hgr,OPERATING,3,0,117,0,117,0,0,0.009,0.009,down,117,0,0
Q,Q14,,Rod Hgr,Gravity{1},3,0,94,0,94,0,0,0,0,down,94,0,0
Q,Q14,,Rod Hgr,COLD,3,0,94,0,94,0,0,0,0,down,94,0,0
Q,Q14,,Rod Hgr,Thermal 1{1},3,0,23,0,23,0,0,0.008,0.008,down,23,0,0
Q,Q14,,Rod Hgr,Pressure 1{1},3,0,0,0,0,0,0,0,0,down,0,0,0
T,T09,,Rod Hgr,Thermal 1{1},6,0,170,0,170,0.136,0.046,0,0.144,up,170,0.046,100
T,T09,,Rod Hgr,Gravity{1},6,0,170,0,170,0,0,0,0,down,170,0,0
T,T09,,Rod Hgr,COLD,6,0,170,0,170,0,0,0,0,down,170,0,0
T,T09,,Rod Hgr,GT1P1{1},6,0,0,0,0,0.137,0.046,0,0.145,up,0,0.046,100
T,T09,,Rod Hgr,GT1{1},6,0,0,0,0,0.136,0.046,0,0.144,up,0,0.046,100
T,T09,,Rod Hgr,Pressure 1{1},6,0,0,0,0,0.001,0,0,0.001,up,0,0,100
T,T09,,Rod Hgr,OPERATING,6,0,0,0,0,0.137,0.046,0,0.145,up,0,0.046,100
T,T10,,Rod Hgr,Thermal 1{1},8,0,387,0,387,0.028,0.047,0,0.055,up,387,0.047,100
T,T10,,Rod Hgr,Gravity{1},8,0,387,0,387,0,0,0,0,down,387,0,0
T,T10,,Rod Hgr,COLD,8,0,387,0,387,0,0,0,0,down,387,0,0
T,T10,,Rod Hgr,GT1P1{1},8,0,0,0,0,0.028,0.047,0,0.055,up,0,0.047,100
T,T10,,Rod Hgr,OPERATING,8,0,0,0,0,0.028,0.047,0,0.055,up,0,0.047,100
T,T10,,Rod Hgr,GT1{1},8,0,0,0,0,0.028,0.047,0,0.055,up,0,0.047,100
T,T10,,Rod Hgr,Pressure 1{1},8,0,0,0,0,0,0,0,0,up,0,0,100
U,U10,,Rod Hgr,GT1P1{1},6,0,600,0,600,0.037,0,0.069,0.079,down,600,0,0
U,U10,,Rod Hgr,OPERATING,6,0,600,0,600,0.037,0,0.069,0.079,down,600,0,0
U,U10,,Rod Hgr,GT1{1},6,0,599,0,599,0.037,0,0.069,0.078,down,599,0,0
U,U10,,Rod Hgr,COLD,6,0,427,0,427,0.002,0,0.004,0.005,down,427,0,0
U,U10,,Rod Hgr,Gravity{1},6,0,427,0,427,0.002,0,0.004,0.005,down,427,0,0
U,U10,,Rod Hgr,Thermal 1{1},6,0,172,0,172,0.039,0,0.064,0.075,down,172,0,0
U,U10,,Rod Hgr,Pressure 1{1},6,0,1,0,1,0,0,0,0,down,1,0,0
U,U100,,Rod Hgr,Thermal 1{1},6,0,234,0,234,0.098,0,0.08,0.126,up,234,0,0
U,U100,,Rod Hgr,Gravity{1},6,0,195,0,195,0.002,0,0.002,0.003,down,195,0,0
U,U100,,Rod Hgr,COLD,6,0,195,0,195,0.002,0,0.002,0.003,down,195,0,0
U,U100,,Rod Hgr,OPERATING,6,0,40,0,40,0.1,0,0.083,0.13,up,40,0,0
U,U100,,Rod Hgr,GT1P1{1},6,0,40,0,40,0.1,0,0.083,0.13,up,40,0,0
U,U100,,Rod Hgr,GT1{1},6,0,39,0,39,0.1,0,0.082,0.129,up,39,0,0
U,U100,,Rod Hgr,Pressure 1{1},6,0,1,0,1,0.001,0,0.001,0.001,up,1,0,0
U,U101,,Rod Hgr,OPERATING,6,0,427,0,427,0.186,0,0.073,0.2,down,427,0,0
U,U101,,Rod Hgr,GT1P1{1},6,0,427,0,427,0.186,0,0.073,0.2,down,427,0,0
U,U101,,Rod Hgr,GT1{1},6,0,427,0,427,0.185,0,0.073,0.199,down,427,0,0
U,U101,,Rod Hgr,Gravity{1},6,0,377,0,377,0.002,0,0.003,0.003,down,377,0,0
U,U101,,Rod Hgr,COLD,6,0,377,0,377,0.002,0,0.003,0.003,down,377,0,0
U,U101,,Rod Hgr,Thermal 1{1},6,0,50,0,50,0.183,0,0.075,0.198,down,50,0,0
U,U101,,Rod Hgr,Pressure 1{1},6,0,0,0,0,0.001,0,0,0.001,down,0,0,0
U,U102,,Rod Hgr,Gravity{1},6,0,341,0,341,0.002,0,0.003,0.003,down,341,0,0
U,U102,,Rod Hgr,COLD,6,0,341,0,341,0.002,0,0.003,0.003,down,341,0,0
U,U102,,Rod Hgr,OPERATING,6,0,334,0,334,0.271,0,0.217,0.348,down,334,0,0
U,U102,,Rod Hgr,GT1P1{1},6,0,334,0,334,0.271,0,0.217,0.348,down,334,0,0
U,U102,,Rod Hgr,GT1{1},6,0,334,0,334,0.27,0,0.216,0.346,down,334,0,0
U,U102,,Rod Hgr,Thermal 1{1},6,0,7,0,7,0.268,0,0.219,0.346,up,7,0,0
U,U102,,Rod Hgr,Pressure 1{1},6,0,0,0,0,0.002,0,0.001,0.002,up,0,0,0
U,U104,,Guide,Pressure 1{1},6,0,0,0,1,0,0,0,0,down,0,0,0
U,U104,,Guide,Thermal 1{1},6,58,0,106,121,0,0.044,0,0.044,down,106,0,0
U,U104,,Guide,OPERATING,6,92,0,123,153,0,0.042,0,0.042,down,123,0,0
U,U104,,Guide,GT1{1},6,91,0,122,153,0,0.042,0,0.042,down,122,0,0
U,U104,,Guide,GT1P1{1},6,92,0,123,153,0,0.042,0,0.042,down,123,0,0
U,U104,,Guide,COLD,6,33,0,17,37,0,0.003,0,0.003,down,17,0,0
U,U104,,Guide,Gravity{1},6,33,0,17,37,0,0.003,0,0.003,down,17,0,0
U,U105,,Rod Hgr,GT1P1{1},4,0,238,0,238,0.072,0,0.27,0.279,down,238,0,0
U,U105,,Rod Hgr,OPERATING,4,0,238,0,238,0.072,0,0.27,0.279,down,238,0,0
U,U105,,Rod Hgr,GT1{1},4,0,237,0,237,0.071,0,0.268,0.278,down,237,0,0
U,U105,,Rod Hgr,COLD,4,0,192,0,192,0.007,0,0.007,0.01,down,192,0,0
U,U105,,Rod Hgr,Gravity{1},4,0,192,0,192,0.007,0,0.007,0.01,down,192,0,0
U,U105,,Rod Hgr,Thermal 1{1},4,0,45,0,45,0.079,0,0.275,0.286,down,45,0,0
U,U105,,Rod Hgr,Pressure 1{1},4,0,0,0,0,0,0,0.001,0.001,down,0,0,0
U,U106,,Rod Hgr,Gravity{1},4,0,272,0,272,0.006,0,0.007,0.009,down,272,0,0
U,U106,,Rod Hgr,COLD,4,0,272,0,272,0.006,0,0.007,0.009,down,272,0,0
U,U106,,Rod Hgr,Thermal 1{1},4,0,199,0,199,0.045,0,0.179,0.184,up,199,0,0
U,U106,,Rod Hgr,GT1{1},4,0,72,0,72,0.04,0,0.172,0.176,down,72,0,0
U,U106,,Rod Hgr,OPERATING,4,0,71,0,71,0.04,0,0.173,0.177,down,71,0,0
U,U106,,Rod Hgr,GT1P1{1},4,0,71,0,71,0.04,0,0.173,0.177,down,71,0,0
U,U106,,Rod Hgr,Pressure 1{1},4,0,1,0,1,0,0,0.001,0.001,up,1,0,0
U,U108,,Rod Hgr,Thermal 1{1},6,0,186,0,186,0.043,0.004,0.058,0.072,up,186,0.004,10
U,U108,,Rod Hgr,Gravity{1},6,0,186,0,186,0.007,0,0,0.007,down,186,0,0
U,U108,,Rod Hgr,COLD,6,0,186,0,186,0.007,0,0,0.007,down,186,0,0
U,U108,,Rod Hgr,GT1P1{1},6,0,0,0,0,0.05,0.005,0.058,0.077,up,0,0.005,10
U,U108,,Rod Hgr,Pressure 1{1},6,0,0,0,0,0,0,0,0,up,0,0,10
U,U108,,Rod Hgr,GT1{1},6,0,0,0,0,0.05,0.004,0.058,0.076,up,0,0.004,10
U,U108,,Rod Hgr,OPERATING,6,0,0,0,0,0.05,0.005,0.058,0.077,up,0,0.005,10
U,U111,,Shoe,OPERATING,4,0,840,0,840,0.025,0,0.005,0.026,down,840,0,0
U,U111,,Shoe,GT1P1{1},4,0,840,0,840,0.025,0,0.005,0.026,down,840,0,0
U,U111,,Shoe,GT1{1},4,0,838,0,838,0.025,0,0.005,0.026,down,838,0,0
U,U111,,Shoe,Thermal 1{1},4,0,527,0,527,0.025,0,0.005,0.026,down,527,0,0
U,U111,,Shoe,COLD,4,0,311,0,311,0,0,0,0,down,311,0,0
U,U111,,Shoe,Gravity{1},4,0,311,0,311,0,0,0,0,down,311,0,0
U,U111,,Shoe,Pressure 1{1},4,0,2,0,2,0,0,0,0,down,2,0,0
U,U112,,Shoe,OPERATING,6,0,659,0,659,0.031,0,0.003,0.031,down,659,0,0
U,U112,,Shoe,GT1P1{1},6,0,659,0,659,0.031,0,0.003,0.031,down,659,0,0
U,U112,,Shoe,GT1{1},6,0,659,0,659,0.03,0,0.003,0.031,down,659,0,0
U,U112,,Shoe,Gravity{1},6,0,546,0,546,0,0,0,0,down,546,0,0
U,U112,,Shoe,COLD,6,0,546,0,546,0,0,0,0,down,546,0,0
U,U112,,Shoe,Thermal 1{1},6,0,113,0,113,0.03,0,0.003,0.031,down,113,0,0
U,U112,,Shoe,Pressure 1{1},6,0,0,0,0,0,0,0,0,down,0,0,0
U,U113,,Shoe,GT1P1{1},6,0,1353,0,1353,0.012,0,0.002,0.012,down,1353,0,0
U,U113,,Shoe,OPERATING,6,0,1353,0,1353,0.012,0,0.002,0.012,down,1353,0,0
U,U113,,Shoe,GT1{1},6,0,1345,0,1345,0.012,0,0.002,0.012,down,1345,0,0
U,U113,,Shoe,Thermal 1{1},6,0,1227,0,1227,0.012,0,0.002,0.012,down,1227,0,0
U,U113,,Shoe,Gravity{1},6,0,117,0,117,0,0,0,0,down,117,0,0
U,U113,,Shoe,COLD,6,0,117,0,117,0,0,0,0,down,117,0,0
U,U113,,Shoe,Pressure 1{1},6,0,8,0,8,0,0,0,0,down,8,0,0
U,U114,,Shoe,COLD,6,0,700,0,700,0.002,0,0,0.002,down,700,0,0
U,U114,,Shoe,Gravity{1},6,0,700,0,700,0.002,0,0,0.002,down,700,0,0
U,U114,,Shoe,GT1{1},6,0,616,0,616,0.014,0,0.037,0.04,down,616,0,0
U,U114,,Shoe,GT1P1{1},6,0,616,0,616,0.014,0,0.037,0.04,down,616,0,0
U,U114,,Shoe,OPERATING,6,0,616,0,616,0.014,0,0.037,0.04,down,616,0,0
U,U114,,Shoe,Thermal 1{1},6,0,84,0,84,0.016,0,0.037,0.04,up,84,0,0
U,U114,,Shoe,Pressure 1{1},6,0,0,0,0,0,0,0,0,up,0,0,0
U,U115,,Shoe,OPERATING,4,0,468,0,468,0.002,0,0.042,0.042,down,468,0,0
U,U115,,Shoe,GT1P1{1},4,0,468,0,468,0.002,0,0.042,0.042,down,468,0,0
U,U115,,Shoe,GT1{1},4,0,467,0,467,0.002,0,0.042,0.042,down,467,0,0
U,U115,,Shoe,COLD,4,0,327,0,327,0.005,0,0,0.005,down,327,0,0
U,U115,,Shoe,Gravity{1},4,0,327,0,327,0.005,0,0,0.005,down,327,0,0
U,U115,,Shoe,Thermal 1{1},4,0,140,0,140,0.003,0,0.042,0.042,down,140,0,0
U,U115,,Shoe,Pressure 1{1},4,0,1,0,1,0,0,0,0,down,1,0,0
U,U116,,Shoe,GT1P1{1},6,0,9648,0,9648,0.024,0,0.018,0.03,down,9648,0,0
U,U116,,Shoe,OPERATING,6,0,9648,0,9648,0.024,0,0.018,0.03,down,9648,0,0
U,U116,,Shoe,GT1{1},6,0,9591,0,9591,0.024,0,0.018,0.03,down,9591,0,0
U,U116,,Shoe,Thermal 1{1},6,0,9181,0,9181,0.024,0,0.018,0.03,down,9181,0,0
U,U116,,Shoe,COLD,6,0,410,0,410,0,0,0,0,down,410,0,0
U,U116,,Shoe,Gravity{1},6,0,410,0,410,0,0,0,0,down,410,0,0
U,U116,,Shoe,Pressure 1{1},6,0,56,0,56,0,0,0,0,down,56,0,0
U,U78,,Rod Hgr,Thermal 1{1},4,0,608,0,608,0.123,0,0.065,0.139,up,608,0,0
U,U78,,Rod Hgr,GT1P1{1},4,0,500,0,500,0.126,0,0.066,0.142,up,500,0,0
U,U78,,Rod Hgr,OPERATING,4,0,500,0,500,0.126,0,0.066,0.142,up,500,0,0
U,U78,,Rod Hgr,GT1{1},4,0,497,0,497,0.125,0,0.065,0.141,up,497,0,0
U,U78,,Rod Hgr,Gravity{1},4,0,110,0,110,0.002,0,0,0.002,down,110,0,0
U,U78,,Rod Hgr,COLD,4,0,110,0,110,0.002,0,0,0.002,down,110,0,0
U,U78,,Rod Hgr,Pressure 1{1},4,0,3,0,3,0.001,0,0,0.001,up,3,0,0
U,U79,,Rod Hgr,GT1P1{1},4,0,437,0,437,0.156,0,0.061,0.167,down,437,0,0
U,U79,,Rod Hgr,OPERATING,4,0,437,0,437,0.156,0,0.061,0.167,down,437,0,0
U,U79,,Rod Hgr,GT1{1},4,0,436,0,436,0.155,0,0.061,0.167,down,436,0,0
U,U79,,Rod Hgr,Thermal 1{1},4,0,370,0,370,0.153,0,0.061,0.165,down,370,0,0
U,U79,,Rod Hgr,COLD,4,0,66,0,66,0.002,0,0,0.002,down,66,0,0
U,U79,,Rod Hgr,Gravity{1},4,0,66,0,66,0.002,0,0,0.002,down,66,0,0
U,U79,,Rod Hgr,Pressure 1{1},4,0,2,0,2,0.001,0,0,0.001,down,2,0,0
U,U80,,Rod Hgr,COLD,4,0,171,0,171,0.001,0,0,0.001,down,171,0,0
U,U80,,Rod Hgr,Gravity{1},4,0,171,0,171,0.001,0,0,0.001,down,171,0,0
U,U80,,Rod Hgr,Thermal 1{1},4,0,128,0,128,0.2,0,0.04,0.204,up,128,0,0
U,U80,,Rod Hgr,GT1{1},4,0,43,0,43,0.202,0,0.04,0.206,down,43,0,0
U,U80,,Rod Hgr,OPERATING,4,0,42,0,42,0.203,0,0.04,0.206,down,42,0,0
U,U80,,Rod Hgr,GT1P1{1},4,0,42,0,42,0.203,0,0.04,0.206,down,42,0,0
U,U80,,Rod Hgr,Pressure 1{1},4,0,1,0,1,0.001,0,0,0.001,up,1,0,0
U,U81,,Rod Hgr,COLD,4,0,169,0,169,0.001,0,0.005,0.005,down,169,0,0
U,U81,,Rod Hgr,Gravity{1},4,0,169,0,169,0.001,0,0.005,0.005,down,169,0,0
U,U81,,Rod Hgr,OPERATING,4,0,148,0,148,0.405,0,0.203,0.453,down,148,0,0
U,U81,,Rod Hgr,GT1P1{1},4,0,148,0,148,0.405,0,0.203,0.453,down,148,0,0
U,U81,,Rod Hgr,GT1{1},4,0,148,0,148,0.403,0,0.202,0.451,down,148,0,0
U,U81,,Rod Hgr,Thermal 1{1},4,0,21,0,21,0.402,0,0.207,0.452,up,21,0,0
U,U81,,Rod Hgr,Pressure 1{1},4,0,0,0,0,0.002,0,0.001,0.002,up,0,0,0
U,U82,,Rod Hgr,GT1P1{1},4,0,272,0,272,0.304,0,0.154,0.341,down,272,0,0
U,U82,,Rod Hgr,OPERATING,4,0,272,0,272,0.304,0,0.154,0.341,down,272,0,0
U,U82,,Rod Hgr,GT1{1},4,0,272,0,272,0.303,0,0.153,0.339,down,272,0,0
U,U82,,Rod Hgr,COLD,4,0,243,0,243,0.001,0,0.002,0.003,down,243,0,0
U,U82,,Rod Hgr,Gravity{1},4,0,243,0,243,0.001,0,0.002,0.003,down,243,0,0
U,U82,,Rod Hgr,Thermal 1{1},4,0,30,0,30,0.301,0,0.156,0.339,down,30,0,0
U,U82,,Rod Hgr,Pressure 1{1},4,0,0,0,0,0.001,0,0.001,0.002,down,0,0,0
U,U83,,Rod Hgr,GT1{1},4,0,179,0,179,0.35,0,0.147,0.38,down,179,0,0
U,U83,,Rod Hgr,OPERATING,4,0,179,0,179,0.352,0,0.148,0.382,down,179,0,0
U,U83,,Rod Hgr,GT1P1{1},4,0,179,0,179,0.352,0,0.148,0.382,down,179,0,0
U,U83,,Rod Hgr,COLD,4,0,157,0,157,0.002,0,0.004,0.004,down,157,0,0
U,U83,,Rod Hgr,Gravity{1},4,0,157,0,157,0.002,0,0.004,0.004,down,157,0,0
U,U83,,Rod Hgr,Thermal 1{1},4,0,22,0,22,0.349,0,0.151,0.38,down,22,0,0
U,U83,,Rod Hgr,Pressure 1{1},4,0,0,0,0,0.002,0,0.001,0.002,down,0,0,0
U,U84,,Rod Hgr,OPERATING,4,0,192,0,192,0.247,0,0.113,0.272,down,192,0,0
U,U84,,Rod Hgr,GT1P1{1},4,0,192,0,192,0.247,0,0.113,0.272,down,192,0,0
U,U84,,Rod Hgr,GT1{1},4,0,192,0,192,0.246,0,0.113,0.27,down,192,0,0
U,U84,,Rod Hgr,Gravity{1},4,0,191,0,191,0.007,0,0.004,0.008,down,191,0,0
U,U84,,Rod Hgr,COLD,4,0,191,0,191,0.007,0,0.004,0.008,down,191,0,0
U,U84,,Rod Hgr,Thermal 1{1},4,0,0,0,0,0.239,0,0.109,0.263,down,0,0,0
U,U84,,Rod Hgr,Pressure 1{1},4,0,0,0,0,0.001,0,0.001,0.001,down,0,0,0
U,U85,,Rod Hgr,Gravity{1},4,0,196,0,196,0.001,0,0.004,0.004,down,196,0,0
U,U85,,Rod Hgr,COLD,4,0,196,0,196,0.001,0,0.004,0.004,down,196,0,0
U,U85,,Rod Hgr,GT1{1},4,0,187,0,187,0.144,0,0.061,0.156,down,187,0,0
U,U85,,Rod Hgr,GT1P1{1},4,0,187,0,187,0.145,0,0.061,0.157,down,187,0,0
U,U85,,Rod Hgr,OPERATING,4,0,187,0,187,0.145,0,0.061,0.157,down,187,0,0
U,U85,,Rod Hgr,Thermal 1{1},4,0,9,0,9,0.146,0,0.064,0.159,up,9,0,0
U,U85,,Rod Hgr,Pressure 1{1},4,0,0,0,0,0.001,0,0,0.001,up,0,0,0
U,U86,,Rod Hgr,GT1{1},4,0,184,0,184,0.081,0,0.026,0.085,down,184,0,0
U,U86,,Rod Hgr,Gravity{1},4,0,184,0,184,0.004,0,0.004,0.006,down,184,0,0
U,U86,,Rod Hgr,GT1P1{1},4,0,184,0,184,0.082,0,0.026,0.086,down,184,0,0
U,U86,,Rod Hgr,COLD,4,0,184,0,184,0.004,0,0.004,0.006,down,184,0,0
U,U86,,Rod Hgr,OPERATING,4,0,184,0,184,0.082,0,0.026,0.086,down,184,0,0
U,U86,,Rod Hgr,Pressure 1{1},4,0,0,0,0,0,0,0,0,down,0,0,0
U,U86,,Rod Hgr,Thermal 1{1},4,0,0,0,0,0.077,0,0.022,0.08,down,0,0,0
U,U87,,Rod Hgr,GT1P1{1},4,0,195,0,195,0.19,0,0.105,0.217,down,195,0,0
U,U87,,Rod Hgr,GT1{1},4,0,195,0,195,0.189,0,0.105,0.216,down,195,0,0
U,U87,,Rod Hgr,OPERATING,4,0,195,0,195,0.19,0,0.105,0.217,down,195,0,0
U,U87,,Rod Hgr,COLD,4,0,194,0,194,0.007,0,0.005,0.009,down,194,0,0
U,U87,,Rod Hgr,Gravity{1},4,0,194,0,194,0.007,0,0.005,0.009,down,194,0,0
U,U87,,Rod Hgr,Thermal 1{1},4,0,1,0,1,0.181,0,0.1,0.207,down,1,0,0
U,U87,,Rod Hgr,Pressure 1{1},4,0,0,0,0,0.001,0,0,0.001,down,0,0,0
U,U88,,Rod Hgr,OPERATING,4,0,178,0,178,0.104,0,0.011,0.105,down,178,0,0
U,U88,,Rod Hgr,GT1{1},4,0,178,0,178,0.104,0,0.011,0.104,down,178,0,0
U,U88,,Rod Hgr,GT1P1{1},4,0,178,0,178,0.104,0,0.011,0.105,down,178,0,0
U,U88,,Rod Hgr,Gravity{1},4,0,176,0,176,0.007,0,0.007,0.01,down,176,0,0
U,U88,,Rod Hgr,COLD,4,0,176,0,176,0.007,0,0.007,0.01,down,176,0,0
U,U88,,Rod Hgr,Thermal 1{1},4,0,1,0,1,0.096,0,0.018,0.098,down,1,0,0
U,U88,,Rod Hgr,Pressure 1{1},4,0,0,0,0,0,0,0,0,down,0,0,0
U,U89,,Rod Hgr,COLD,4,0,201,0,201,0.007,0,0.007,0.01,down,201,0,0
U,U89,,Rod Hgr,Gravity{1},4,0,201,0,201,0.007,0,0.007,0.01,down,201,0,0
U,U89,,Rod Hgr,GT1{1},4,0,194,0,194,0.019,0,0.156,0.157,down,194,0,0
U,U89,,Rod Hgr,GT1P1{1},4,0,194,0,194,0.019,0,0.157,0.158,down,194,0,0
U,U89,,Rod Hgr,OPERATING,4,0,194,0,194,0.019,0,0.157,0.158,down,194,0,0
U,U89,,Rod Hgr,Thermal 1{1},4,0,7,0,7,0.011,0,0.163,0.164,up,7,0,0
U,U89,,Rod Hgr,Pressure 1{1},4,0,0,0,0,0,0,0.001,0.001,up,0,0,0
U,U92,,Guide,Gravity{1},4,17,0,6,18,0,0.004,0,0.004,up,6,0,0
U,U92,,Guide,Thermal 1{1},4,47,0,63,78,0,0.049,0,0.049,down,63,0,0
U,U92,,Guide,GT1{1},4,64,0,57,85,0,0.045,0,0.045,down,57,0,0
U,U92,,Guide,GT1P1{1},4,64,0,57,86,0,0.045,0,0.045,down,57,0,0
U,U92,,Guide,COLD,4,17,0,6,18,0,0.004,0,0.004,up,6,0,0
U,U92,,Guide,OPERATING,4,64,0,57,86,0,0.045,0,0.045,down,57,0,0
U,U92,,Guide,Pressure 1{1},4,0,0,0,0,0,0,0,0,down,0,0,0
U,U93,,Rod Hgr,OPERATING,6,0,455,0,455,0.102,0,0.044,0.111,down,455,0,0
U,U93,,Rod Hgr,GT1P1{1},6,0,455,0,455,0.102,0,0.044,0.111,down,455,0,0
U,U93,,Rod Hgr,GT1{1},6,0,455,0,455,0.101,0,0.044,0.11,down,455,0,0
U,U93,,Rod Hgr,Gravity{1},6,0,362,0,362,0.007,0,0,0.007,down,362,0,0
U,U93,,Rod Hgr,COLD,6,0,362,0,362,0.007,0,0,0.007,down,362,0,0
U,U93,,Rod Hgr,Thermal 1{1},6,0,93,0,93,0.094,0,0.044,0.104,down,93,0,0
U,U93,,Rod Hgr,Pressure 1{1},6,0,0,0,0,0.001,0,0,0.001,up,0,0,0
U,U94,,Rod Hgr,Gravity{1},6,0,388,0,388,0.007,0,0.001,0.007,down,388,0,0
U,U94,,Rod Hgr,COLD,6,0,388,0,388,0.007,0,0.001,0.007,down,388,0,0
U,U94,,Rod Hgr,GT1{1},6,0,351,0,351,0.202,0,0.027,0.204,down,351,0,0
U,U94,,Rod Hgr,GT1P1{1},6,0,351,0,351,0.203,0,0.027,0.205,down,351,0,0
U,U94,,Rod Hgr,OPERATING,6,0,351,0,351,0.203,0,0.027,0.205,down,351,0,0
U,U94,,Rod Hgr,Thermal 1{1},6,0,37,0,37,0.195,0,0.028,0.197,up,37,0,0
U,U94,,Rod Hgr,Pressure 1{1},6,0,0,0,0,0.001,0,0,0.001,down,0,0,0
U,U95,,Rod Hgr,Gravity{1},6,0,358,0,358,0.007,0,0.002,0.007,down,358,0,0
U,U95,,Rod Hgr,COLD,6,0,358,0,358,0.007,0,0.002,0.007,down,358,0,0
U,U95,,Rod Hgr,GT1{1},6,0,348,0,348,0.282,0,0.039,0.285,down,348,0,0
U,U95,,Rod Hgr,OPERATING,6,0,348,0,348,0.284,0,0.04,0.287,down,348,0,0
U,U95,,Rod Hgr,GT1P1{1},6,0,348,0,348,0.284,0,0.04,0.287,down,348,0,0
U,U95,,Rod Hgr,Thermal 1{1},6,0,10,0,10,0.275,0,0.041,0.278,up,10,0,0
U,U95,,Rod Hgr,Pressure 1{1},6,0,0,0,0,0.002,0,0,0.002,up,0,0,0
U,U96,,Rod Hgr,GT1P1{1},6,0,478,0,478,0.094,0,0.064,0.113,down,478,0,0
U,U96,,Rod Hgr,GT1{1},6,0,478,0,478,0.093,0,0.064,0.113,down,478,0,0
U,U96,,Rod Hgr,OPERATING,6,0,478,0,478,0.094,0,0.064,0.113,down,478,0,0
U,U96,,Rod Hgr,Gravity{1},6,0,446,0,446,0.004,0,0.004,0.005,down,446,0,0
U,U96,,Rod Hgr,COLD,6,0,446,0,446,0.004,0,0.004,0.005,down,446,0,0
U,U96,,Rod Hgr,Thermal 1{1},6,0,31,0,31,0.089,0,0.067,0.112,down,31,0,0
U,U96,,Rod Hgr,Pressure 1{1},6,0,0,0,0,0.001,0,0,0.001,down,0,0,0
U,U97,,Rod Hgr,COLD,6,0,323,0,323,0.001,0,0.004,0.004,down,323,0,0
U,U97,,Rod Hgr,Gravity{1},6,0,323,0,323,0.001,0,0.004,0.004,down,323,0,0
U,U97,,Rod Hgr,OPERATING,6,0,305,0,305,0.115,0,0.151,0.19,down,305,0,0
U,U97,,Rod Hgr,GT1P1{1},6,0,305,0,305,0.115,0,0.151,0.19,down,305,0,0
U,U97,,Rod Hgr,GT1{1},6,0,305,0,305,0.115,0,0.15,0.189,down,305,0,0
U,U97,,Rod Hgr,Thermal 1{1},6,0,17,0,17,0.116,0,0.154,0.193,up,17,0,0
U,U97,,Rod Hgr,Pressure 1{1},6,0,0,0,0,0.001,0,0.001,0.001,up,0,0,0
U,U98,,Rod Hgr,OPERATING,6,0,355,0,355,0.298,0,0.238,0.381,down,355,0,0
U,U98,,Rod Hgr,GT1P1{1},6,0,355,0,355,0.298,0,0.238,0.381,down,355,0,0
U,U98,,Rod Hgr,GT1{1},6,0,355,0,355,0.296,0,0.237,0.379,down,355,0,0
U,U98,,Rod Hgr,COLD,6,0,340,0,340,0.001,0,0.004,0.004,down,340,0,0
U,U98,,Rod Hgr,Gravity{1},6,0,340,0,340,0.001,0,0.004,0.004,down,340,0,0
U,U98,,Rod Hgr,Thermal 1{1},6,0,15,0,15,0.295,0,0.241,0.381,down,15,0,0
U,U98,,Rod Hgr,Pressure 1{1},6,0,0,0,0,0.002,0,0.001,0.002,down,0,0,0
U,U99,,Rod Hgr,COLD,6,0,319,0,319,0.002,0,0.003,0.004,down,319,0,0
U,U99,,Rod Hgr,Gravity{1},6,0,319,0,319,0.002,0,0.003,0.004,down,319,0,0
U,U99,,Rod Hgr,GT1P1{1},6,0,306,0,306,0.357,0,0.299,0.465,down,306,0,0
U,U99,,Rod Hgr,GT1{1},6,0,306,0,306,0.355,0,0.297,0.463,down,306,0,0
U,U99,,Rod Hgr,OPERATING,6,0,306,0,306,0.357,0,0.299,0.465,down,306,0,0
U,U99,,Rod Hgr,Thermal 1{1},6,0,13,0,13,0.353,0,0.3,0.463,up,13,0,0
U,U99,,Rod Hgr,Pressure 1{1},6,0,0,0,0,0.002,0,0.002,0.003,up,0,0,0
Y,Y01,,Rod Hgr,Gravity{1},12,0,1504,0,1504,0,0,0.001,0.001,down,1504,0,0
Y,Y01,,Rod Hgr,COLD,12,0,1504,0,1504,0,0,0.001,0.001,down,1504,0,0
Y,Y01,,Rod Hgr,GT1{1},12,0,1484,0,1484,0.184,0,0.516,0.548,down,1484,0,0
Y,Y01,,Rod Hgr,GT1P1{1},12,0,1484,0,1484,0.185,0,0.52,0.552,down,1484,0,0
Y,Y01,,Rod Hgr,OPERATING,12,0,1484,0,1484,0.185,0,0.52,0.552,down,1484,0,0
Y,Y01,,Rod Hgr,Thermal 1{1},12,0,21,0,21,0.184,0,0.515,0.546,up,21,0,0
Y,Y01,,Rod Hgr,Pressure 1{1},12,0,0,0,0,0.001,0,0.004,0.005,up,0,0,0
Y,Y16,,Rod Hgr,COLD,8,0,124,0,124,0.001,0,0.001,0.002,down,124,0,0
Y,Y16,,Rod Hgr,Gravity{1},8,0,124,0,124,0.001,0,0.001,0.002,down,124,0,0
Y,Y16,,Rod Hgr,OPERATING,8,0,103,0,103,0.437,0,0.464,0.637,down,103,0,0
Y,Y16,,Rod Hgr,GT1P1{1},8,0,103,0,103,0.437,0,0.464,0.637,down,103,0,0
Y,Y16,,Rod Hgr,GT1{1},8,0,103,0,103,0.433,0,0.46,0.632,down,103,0,0
Y,Y16,,Rod Hgr,Thermal 1{1},8,0,21,0,21,0.432,0,0.459,0.63,up,21,0,0
Y,Y16,,Rod Hgr,Pressure 1{1},8,0,0,0,0,0.003,0,0.004,0.005,up,0,0,0
Y,Y20,,Rod Hgr,GT1P1{1},8,0,563,0,563,0.1,0,0.013,0.101,down,563,0,0
Y,Y20,,Rod Hgr,OPERATING,8,0,563,0,563,0.1,0,0.013,0.101,down,563,0,0
Y,Y20,,Rod Hgr,GT1{1},8,0,562,0,562,0.099,0,0.013,0.1,down,562,0,0
Y,Y20,,Rod Hgr,Gravity{1},8,0,285,0,285,0,0,0,0,down,285,0,0
Y,Y20,,Rod Hgr,COLD,8,0,285,0,285,0,0,0,0,down,285,0,0
Y,Y20,,Rod Hgr,Thermal 1{1},8,0,278,0,278,0.099,0,0.013,0.1,down,278,0,0
Y,Y20,,Rod Hgr,Pressure 1{1},8,0,1,0,1,0.001,0,0,0.001,down,1,0,0
Y,Y21,,Rod Hgr,Thermal 1{1},6,0,79,0,79,0.029,0.029,0,0.041,up,79,0.029,10
Y,Y21,,Rod Hgr,Gravity{1},6,0,79,0,79,0,0,0,0,down,79,0,0
Y,Y21,,Rod Hgr,COLD,6,0,79,0,79,0,0,0,0,down,79,0,0
Y,Y21,,Rod Hgr,Pressure 1{1},6,0,0,0,0,0,0,0,0,up,0,0,10
Y,Y21,,Rod Hgr,OPERATING,6,0,0,0,0,0.03,0.029,0,0.041,up,0,0.029,10
Y,Y21,,Rod Hgr,GT1P1{1},6,0,0,0,0,0.03,0.029,0,0.041,up,0,0.029,10
Y,Y21,,Rod Hgr,GT1{1},6,0,0,0,0,0.029,0.029,0,0.041,up,0,0.029,10
Y,Y22,,Rod Hgr,OPERATING,8,0,1153,0,1153,0.058,0,0.005,0.059,down,1153,0,0
Y,Y22,,Rod Hgr,GT1P1{1},8,0,1153,0,1153,0.058,0,0.005,0.059,down,1153,0,0
Y,Y22,,Rod Hgr,GT1{1},8,0,1145,0,1145,0.058,0,0.005,0.058,down,1145,0,0
Y,Y22,,Rod Hgr,Thermal 1{1},8,0,870,0,870,0.058,0,0.005,0.058,down,870,0,0
Y,Y22,,Rod Hgr,COLD,8,0,275,0,275,0,0,0,0,down,275,0,0
Y,Y22,,Rod Hgr,Gravity{1},8,0,275,0,275,0,0,0,0,down,275,0,0
Y,Y22,,Rod Hgr,Pressure 1{1},8,0,8,0,8,0,0,0,0,down,8,0,0
Y,Y23,,Rod Hgr,OPERATING,8,0,551,0,551,0.484,0,0.397,0.626,down,551,0,0
Y,Y23,,Rod Hgr,GT1P1{1},8,0,551,0,551,0.484,0,0.397,0.626,down,551,0,0
Y,Y23,,Rod Hgr,GT1{1},8,0,551,0,551,0.48,0,0.393,0.621,down,551,0,0
Y,Y23,,Rod Hgr,COLD,8,0,520,0,520,0.002,0,0.001,0.002,down,520,0,0
Y,Y23,,Rod Hgr,Gravity{1},8,0,520,0,520,0.002,0,0.001,0.002,down,520,0,0
Y,Y23,,Rod Hgr,Thermal 1{1},8,0,31,0,31,0.478,0,0.392,0.619,down,31,0,0
Y,Y23,,Rod Hgr,Pressure 1{1},8,0,0,0,0,0.004,0,0.003,0.005,down,0,0,0
Y,Y24,,Rod Hgr,COLD,8,0,547,0,547,0.001,0,0,0.001,down,547,0,0
Y,Y24,,Rod Hgr,Gravity{1},8,0,547,0,547,0.001,0,0,0.001,down,547,0,0
Y,Y24,,Rod Hgr,GT1P1{1},8,0,425,0,425,0.151,0,0.026,0.154,down,425,0,0
Y,Y24,,Rod Hgr,OPERATING,8,0,425,0,425,0.151,0,0.026,0.154,down,425,0,0
Y,Y24,,Rod Hgr,GT1{1},8,0,425,0,425,0.15,0,0.026,0.152,down,425,0,0
Y,Y24,,Rod Hgr,Thermal 1{1},8,0,122,0,122,0.149,0,0.026,0.151,up,122,0,0
Y,Y24,,Rod Hgr,Pressure 1{1},8,0,1,0,1,0.002,0,0,0.002,up,1,0,0
Y,Y25,,Rod Hgr,Gravity{1},8,0,701,0,701,0.002,0,0,0.002,down,701,0,0
Y,Y25,,Rod Hgr,COLD,8,0,701,0,701,0.002,0,0,0.002,down,701,0,0
Y,Y25,,Rod Hgr,GT1{1},8,0,691,0,691,0.373,0,0.173,0.411,down,691,0,0
Y,Y25,,Rod Hgr,GT1P1{1},8,0,691,0,691,0.376,0,0.175,0.415,down,691,0,0
Y,Y25,,Rod Hgr,OPERATING,8,0,691,0,691,0.376,0,0.175,0.415,down,691,0,0
Y,Y25,,Rod Hgr,Thermal 1{1},8,0,10,0,10,0.371,0,0.173,0.41,up,10,0,0
Y,Y25,,Rod Hgr,Pressure 1{1},8,0,0,0,0,0.003,0,0.001,0.003,up,0,0,0
Y,Y26,,Rod Hgr,GT1{1},8,0,776,0,776,0.266,0,0.06,0.272,down,776,0,0
Y,Y26,,Rod Hgr,GT1P1{1},8,0,776,0,776,0.268,0,0.06,0.275,down,776,0,0
Y,Y26,,Rod Hgr,OPERATING,8,0,776,0,776,0.268,0,0.06,0.275,down,776,0,0
Y,Y26,,Rod Hgr,COLD,8,0,740,0,740,0.002,0,0,0.002,down,740,0,0
Y,Y26,,Rod Hgr,Gravity{1},8,0,740,0,740,0.002,0,0,0.002,down,740,0,0
Y,Y26,,Rod Hgr,Thermal 1{1},8,0,36,0,36,0.264,0,0.06,0.271,down,36,0,0
Y,Y26,,Rod Hgr,Pressure 1{1},8,0,0,0,0,0.002,0,0,0.002,down,0,0,0
